<?xml version="1.0"?>
<ScanGroup ExportedOn="11/08/2020, 08:34:46">
<Scan>
        <Name><![CDATA[scan_name]]></Name>
        <ShortName><![CDATA[scan_short_name]]></ShortName>
        <StartURL><![CDATA[kontrak.airforce.mil.my]]></StartURL>
        <StartTime><![CDATA[02/08/2020, 23:41:51]]></StartTime>
        <FinishTime><![CDATA[03/08/2020, 03:08:21]]></FinishTime>
        <ScanTime><![CDATA[206 minutes, 24 seconds]]></ScanTime>
        <Aborted><![CDATA[False]]></Aborted>
        <Responsive><![CDATA[True]]></Responsive>
        <Banner><![CDATA[]]></Banner>
        <Os><![CDATA[Unknown]]></Os>
        <WebServer><![CDATA[None]]></WebServer>
        <Technologies>
            <![CDATA[
            ]]>
        </Technologies>
        <Crawler StartUrl="http://kontrak.airforce.mil.my/">
            <Cookies>
            </Cookies>
            <SiteFiles>
<SiteFile id="1">
                    <Name><![CDATA[http://kontrak.airforce.mil.my/]]></Name>
                    <URL><![CDATA[/]]></URL>
                    <FullURL><![CDATA[http://kontrak.airforce.mil.my/]]></FullURL>
                </SiteFile>
<SiteFile id="2">
                    <Name><![CDATA[administration]]></Name>
                    <URL><![CDATA[/administration/]]></URL>
                    <FullURL><![CDATA[http://kontrak.airforce.mil.my/administration/]]></FullURL>
                </SiteFile>
<SiteFile id="3">
                    <Name><![CDATA[images]]></Name>
                    <URL><![CDATA[/administration/images/]]></URL>
                    <FullURL><![CDATA[http://kontrak.airforce.mil.my/administration/images/]]></FullURL>
                </SiteFile>
<SiteFile id="4">
                    <Name><![CDATA[config.php]]></Name>
                    <URL><![CDATA[/config.php]]></URL>
                    <FullURL><![CDATA[http://kontrak.airforce.mil.my/config.php]]></FullURL>
                </SiteFile>
<SiteFile id="5">
                    <Name><![CDATA[downloads]]></Name>
                    <URL><![CDATA[/downloads/]]></URL>
                    <FullURL><![CDATA[http://kontrak.airforce.mil.my/downloads/]]></FullURL>
                </SiteFile>
<SiteFile id="6">
                    <Name><![CDATA[images]]></Name>
                    <URL><![CDATA[/downloads/images/]]></URL>
                    <FullURL><![CDATA[http://kontrak.airforce.mil.my/downloads/images/]]></FullURL>
                </SiteFile>
<SiteFile id="7">
                    <Name><![CDATA[image]]></Name>
                    <URL><![CDATA[/image/]]></URL>
                    <FullURL><![CDATA[http://kontrak.airforce.mil.my/image/]]></FullURL>
                </SiteFile>
<SiteFile id="8">
                    <Name><![CDATA[images]]></Name>
                    <URL><![CDATA[/image/images/]]></URL>
                    <FullURL><![CDATA[http://kontrak.airforce.mil.my/image/images/]]></FullURL>
                </SiteFile>
<SiteFile id="9">
                    <Name><![CDATA[images]]></Name>
                    <URL><![CDATA[/images/]]></URL>
                    <FullURL><![CDATA[http://kontrak.airforce.mil.my/images/]]></FullURL>
                </SiteFile>
<SiteFile id="10">
                    <Name><![CDATA[includes]]></Name>
                    <URL><![CDATA[/includes/]]></URL>
                    <FullURL><![CDATA[http://kontrak.airforce.mil.my/includes/]]></FullURL>
                </SiteFile>
<SiteFile id="11">
                    <Name><![CDATA[jquery]]></Name>
                    <URL><![CDATA[/includes/jquery/]]></URL>
                    <FullURL><![CDATA[http://kontrak.airforce.mil.my/includes/jquery/]]></FullURL>
                </SiteFile>
<SiteFile id="12">
                    <Name><![CDATA[jquery.js]]></Name>
                    <URL><![CDATA[/includes/jquery/jquery.js]]></URL>
                    <FullURL><![CDATA[http://kontrak.airforce.mil.my/includes/jquery/jquery.js]]></FullURL>
                </SiteFile>
<SiteFile id="13">
                    <Name><![CDATA[jscript.js]]></Name>
                    <URL><![CDATA[/includes/jscript.js]]></URL>
                    <FullURL><![CDATA[http://kontrak.airforce.mil.my/includes/jscript.js]]></FullURL>
                </SiteFile>
<SiteFile id="14">
                    <Name><![CDATA[search]]></Name>
                    <URL><![CDATA[/includes/search/]]></URL>
                    <FullURL><![CDATA[http://kontrak.airforce.mil.my/includes/search/]]></FullURL>
                </SiteFile>
<SiteFile id="15">
                    <Name><![CDATA[index.php]]></Name>
                    <URL><![CDATA[/index.php]]></URL>
                    <FullURL><![CDATA[http://kontrak.airforce.mil.my/index.php]]></FullURL>
                </SiteFile>
<SiteFile id="16">
                    <Name><![CDATA[js]]></Name>
                    <URL><![CDATA[/js/]]></URL>
                    <FullURL><![CDATA[http://kontrak.airforce.mil.my/js/]]></FullURL>
                </SiteFile>
<SiteFile id="17">
                    <Name><![CDATA[lib]]></Name>
                    <URL><![CDATA[/lib/]]></URL>
                    <FullURL><![CDATA[http://kontrak.airforce.mil.my/lib/]]></FullURL>
                </SiteFile>
<SiteFile id="18">
                    <Name><![CDATA[locale]]></Name>
                    <URL><![CDATA[/locale/]]></URL>
                    <FullURL><![CDATA[http://kontrak.airforce.mil.my/locale/]]></FullURL>
                </SiteFile>
<SiteFile id="19">
                    <Name><![CDATA[login.php]]></Name>
                    <URL><![CDATA[/login.php]]></URL>
                    <FullURL><![CDATA[http://kontrak.airforce.mil.my/login.php]]></FullURL>
                    <Inputs>
                                <Variable Name="Referer" Type="HTTP Header"/>
                                <Variable Name="User-Agent" Type="HTTP Header"/>
                                <Variable Name="X-Forwarded-For" Type="HTTP Header"/>
                                <Variable Name="fusionZ34N8_visited" Type="Cookie"/>
                                <Variable Name="fusionZ34N8_lastvisit" Type="Cookie"/>
                                <Variable Name="BNES_fusionZ34N8_visited" Type="Cookie"/>
                                <Variable Name="BNES_fusionZ34N8_lastvisit" Type="Cookie"/>
                                <Variable Name="login" Type="URL encoded POST"/>
                                <Variable Name="remember_me" Type="URL encoded POST"/>
                                <Variable Name="user_name" Type="URL encoded POST"/>
                                <Variable Name="user_pass" Type="URL encoded POST"/>
                                <Variable Name="change_colour" Type="URL encoded POST"/>
                                <Variable Name="green" Type="URL encoded POST"/>
                                <Variable Name="grey" Type="URL encoded POST"/>
                                <Variable Name="lilac" Type="URL encoded POST"/>
                                <Variable Name="orange" Type="URL encoded POST"/>
                                <Variable Name="red" Type="URL encoded POST"/>
                                <Variable Name="error" Type="URL encoded GET"/>
                                <Variable Name="redirect" Type="URL encoded GET"/>
                                <Variable Name="error" Type="URL encoded GET"/>
                                <Variable Name="redirect" Type="URL encoded GET"/>
                                <Variable Name="change_colour" Type="URL encoded POST"/>
                                <Variable Name="green" Type="URL encoded POST"/>
                                <Variable Name="grey" Type="URL encoded POST"/>
                                <Variable Name="lilac" Type="URL encoded POST"/>
                                <Variable Name="orange" Type="URL encoded POST"/>
                                <Variable Name="red" Type="URL encoded POST"/>
                    </Inputs>
                </SiteFile>
<SiteFile id="20">
                    <Name><![CDATA[robots.txt]]></Name>
                    <URL><![CDATA[/robots.txt]]></URL>
                    <FullURL><![CDATA[http://kontrak.airforce.mil.my/robots.txt]]></FullURL>
                </SiteFile>
<SiteFile id="21">
                    <Name><![CDATA[src]]></Name>
                    <URL><![CDATA[/src/]]></URL>
                    <FullURL><![CDATA[http://kontrak.airforce.mil.my/src/]]></FullURL>
                </SiteFile>
<SiteFile id="22">
                    <Name><![CDATA[themes]]></Name>
                    <URL><![CDATA[/themes/]]></URL>
                    <FullURL><![CDATA[http://kontrak.airforce.mil.my/themes/]]></FullURL>
                </SiteFile>
<SiteFile id="23">
                    <Name><![CDATA[Stylo]]></Name>
                    <URL><![CDATA[/themes/Stylo/]]></URL>
                    <FullURL><![CDATA[http://kontrak.airforce.mil.my/themes/Stylo/]]></FullURL>
                </SiteFile>
<SiteFile id="24">
                    <Name><![CDATA[colour]]></Name>
                    <URL><![CDATA[/themes/Stylo/colour/]]></URL>
                    <FullURL><![CDATA[http://kontrak.airforce.mil.my/themes/Stylo/colour/]]></FullURL>
                </SiteFile>
<SiteFile id="25">
                    <Name><![CDATA[blue.css]]></Name>
                    <URL><![CDATA[/themes/Stylo/colour/blue.css]]></URL>
                    <FullURL><![CDATA[http://kontrak.airforce.mil.my/themes/Stylo/colour/blue.css]]></FullURL>
                </SiteFile>
<SiteFile id="26">
                    <Name><![CDATA[forum]]></Name>
                    <URL><![CDATA[/themes/Stylo/forum/]]></URL>
                    <FullURL><![CDATA[http://kontrak.airforce.mil.my/themes/Stylo/forum/]]></FullURL>
                </SiteFile>
<SiteFile id="27">
                    <Name><![CDATA[images]]></Name>
                    <URL><![CDATA[/themes/Stylo/images/]]></URL>
                    <FullURL><![CDATA[http://kontrak.airforce.mil.my/themes/Stylo/images/]]></FullURL>
                </SiteFile>
<SiteFile id="28">
                    <Name><![CDATA[icons]]></Name>
                    <URL><![CDATA[/themes/Stylo/images/icons/]]></URL>
                    <FullURL><![CDATA[http://kontrak.airforce.mil.my/themes/Stylo/images/icons/]]></FullURL>
                </SiteFile>
<SiteFile id="29">
                    <Name><![CDATA[styles.css]]></Name>
                    <URL><![CDATA[/themes/Stylo/styles.css]]></URL>
                    <FullURL><![CDATA[http://kontrak.airforce.mil.my/themes/Stylo/styles.css]]></FullURL>
                </SiteFile>
            </SiteFiles>
        </Crawler>
        <ReportItems>
<ReportItem id="1" color="orange">
                <Name><![CDATA[User-controlled form action]]></Name>
                <ModuleName><![CDATA[/Scripts/PerScheme/XFS_and_Redir.script]]></ModuleName>
                <Details><![CDATA[URL encoded GET input <strong><span class="bb-dark">redirect</span></strong> was set to <strong><span class="bb-dark">//xfs.bxss.me</span></strong><br/><br/> Form name: &lt;unnamed&gt;, action: //xfs.bxss.me]]></Details>
                <Affects><![CDATA[/login.php]]></Affects>
                <Parameter><![CDATA[redirect]]></Parameter>
                <AOP_SourceFile><![CDATA[]]></AOP_SourceFile>
                <AOP_SourceLine></AOP_SourceLine>
                <AOP_Additional><![CDATA[]]></AOP_Additional>
                <IsFalsePositive><![CDATA[]]></IsFalsePositive>
                <Severity><![CDATA[medium]]></Severity>
                <Type><![CDATA[abuseoffunctionality]]></Type>
                <Impact><![CDATA[Malicious users may poison the form action in order to conduct phishing attacks.]]></Impact>
                <Description><![CDATA[The Action URL parameter for one HTML form from this page is dirrectly controlled by user input. The Action parameter specifies the website where the user-submitted information is being sent. An attacker can provide a website controlled by him for the form action parameter and send this malicious link to your users. Any user who will click that link and submit the vulnerable form will send his information to the attacker.]]></Description>
                <DetailedInformation><![CDATA[]]></DetailedInformation>
                <Recommendation><![CDATA[Your script should properly sanitize user input.]]></Recommendation>
                <TechnicalDetails>
                    <Request><![CDATA[GET /login.php?error=1&amp;redirect=//xfs.bxss.me HTTP/1.1
Cookie: fusionZ34N8_visited=yes;fusionZ34N8_lastvisit=1596419067;BNES_fusionZ34N8_visited=bFnSqG19EnhvqbVzUgyWQcMWW/ph/5Z6exj9wrq/Ib1f8ChvIxW3pUSUj8Pv5psfWUUhy9VcXdQLfzeRaeOHTp3iWZTOUF+L;BNES_fusionZ34N8_lastvisit=3SUybFPoOWsUGEvCrbhJRJ+bbyTzhRLOgy+bsZ0qGqzL0YXQXstRnLQUJ5LRr7r3kVeCTsAQEyAwMjS71W93/RSDLm7KdwLX6aGHm7rPV5g=
Accept: text/html,application/xhtml+xml,application/xml;q=0.9,*/*;q=0.8
Accept-Encoding: gzip,deflate
Host: kontrak.airforce.mil.my
User-Agent: Mozilla/5.0 (Windows NT 10.0; Win64; x64) AppleWebKit/537.36 (KHTML, like Gecko) Chrome/73.0.3683.103 Safari/537.36
Connection: Keep-alive
]]></Request>
                </TechnicalDetails>
                <CWEList>
                    <CWE id="20"><![CDATA[CWE-20]]></CWE>
                </CWEList>
                <CVEList>
                </CVEList>
                <CVSS>
                  <Descriptor><![CDATA[AV:N/AC:M/Au:N/C:P/I:N/A:N]]></Descriptor>
                  <Score><![CDATA[4.3]]></Score>
                  <AV><![CDATA[Network_Accessible]]></AV>
                  <AC><![CDATA[Medium]]></AC>
                  <Au><![CDATA[None]]></Au>
                  <C><![CDATA[Partial]]></C>
                  <I><![CDATA[None]]></I>
                  <A><![CDATA[None]]></A>
                  <E><![CDATA[]]></E>
                  <RL><![CDATA[]]></RL>
                  <RC><![CDATA[]]></RC>
                </CVSS>
                <CVSS3>
                  <Descriptor><![CDATA[CVSS:3.1/AV:N/AC:L/PR:N/UI:R/S:C/C:L/I:N/A:N]]></Descriptor>
                  <Score><![CDATA[4.7]]></Score>
                  <TempScore><![CDATA[]]></TempScore>
                  <EnvScore><![CDATA[]]></EnvScore>
                  <AV><![CDATA[Network]]></AV>
                  <AC><![CDATA[Low]]></AC>
                  <PR><![CDATA[None]]></PR>
                  <UI><![CDATA[Required]]></UI>
                  <S><![CDATA[Changed]]></S>
                  <C><![CDATA[Low]]></C>
                  <I><![CDATA[None]]></I>
                  <A><![CDATA[None]]></A>
                  <E><![CDATA[]]></E>
                  <RL><![CDATA[]]></RL>
                  <RC><![CDATA[]]></RC>
                </CVSS3>
                <References>
                    <Reference>
                      <Database><![CDATA[Forms in HTML documents]]></Database>
                      <URL><![CDATA[http://www.w3.org/TR/html4/interact/forms.html#h-17.1]]></URL>
                    </Reference>
                    <Reference>
                      <Database><![CDATA[Phishing]]></Database>
                      <URL><![CDATA[https://en.wikipedia.org/wiki/Phishing]]></URL>
                    </Reference>
                </References>
            </ReportItem>
<ReportItem id="2" color="orange">
                <Name><![CDATA[User credentials are sent in clear text]]></Name>
                <ModuleName><![CDATA[/Crawler/12-Crawler_User_Credentials_Plain_Text.js]]></ModuleName>
                <Details><![CDATA[Form name: loginpageform <br/>Form action: login.php <br/>Form method: POST <br/>]]></Details>
                <Affects><![CDATA[/login.php]]></Affects>
                <Parameter><![CDATA[loginpageform]]></Parameter>
                <AOP_SourceFile><![CDATA[]]></AOP_SourceFile>
                <AOP_SourceLine></AOP_SourceLine>
                <AOP_Additional><![CDATA[]]></AOP_Additional>
                <IsFalsePositive><![CDATA[]]></IsFalsePositive>
                <Severity><![CDATA[medium]]></Severity>
                <Type><![CDATA[sensitivedatanotoverssl]]></Type>
                <Impact><![CDATA[A third party may be able to read the user credentials by intercepting an unencrypted HTTP connection.]]></Impact>
                <Description><![CDATA[User credentials are transmitted over an unencrypted channel. This information should always be transferred via an encrypted channel (HTTPS) to avoid being intercepted by malicious users.]]></Description>
                <DetailedInformation><![CDATA[]]></DetailedInformation>
                <Recommendation><![CDATA[Because user credentials are considered sensitive information, should always be transferred to the server over an encrypted connection (HTTPS).]]></Recommendation>
                <TechnicalDetails>
                    <Request><![CDATA[GET /login.php HTTP/1.1
Referer: http://kontrak.airforce.mil.my/
Cookie: fusionZ34N8_visited=yes;fusionZ34N8_lastvisit=1596407748;BNES_fusionZ34N8_visited=bFnSqG19EnhvqbVzUgyWQcMWW/ph/5Z6exj9wrq/Ib1f8ChvIxW3pUSUj8Pv5psfWUUhy9VcXdQLfzeRaeOHTp3iWZTOUF+L;BNES_fusionZ34N8_lastvisit=5nTIV5RMBsfxbAU9wf54M7bnHcwsF9q8jgxDzU3Myr5jVczCctuIzIDBwlwZqRANM+ZLavfv7s63gnEk04LVZZoHsba8sPIB7AUVNDgLpHo=
Accept: text/html,application/xhtml+xml,application/xml;q=0.9,*/*;q=0.8
Accept-Encoding: gzip,deflate
Host: kontrak.airforce.mil.my
User-Agent: Mozilla/5.0 (Windows NT 10.0; Win64; x64) AppleWebKit/537.36 (KHTML, like Gecko) Chrome/73.0.3683.103 Safari/537.36
Connection: Keep-alive
]]></Request>
                </TechnicalDetails>
                <CWEList>
                    <CWE id="310"><![CDATA[CWE-310]]></CWE>
                </CWEList>
                <CVEList>
                </CVEList>
                <CVSS>
                  <Descriptor><![CDATA[AV:N/AC:L/Au:N/C:P/I:N/A:N/E:H/RL:W/RC:C]]></Descriptor>
                  <Score><![CDATA[5.0]]></Score>
                  <AV><![CDATA[Network_Accessible]]></AV>
                  <AC><![CDATA[Low]]></AC>
                  <Au><![CDATA[None]]></Au>
                  <C><![CDATA[Partial]]></C>
                  <I><![CDATA[None]]></I>
                  <A><![CDATA[None]]></A>
                  <E><![CDATA[]]></E>
                  <RL><![CDATA[]]></RL>
                  <RC><![CDATA[]]></RC>
                </CVSS>
                <CVSS3>
                  <Descriptor><![CDATA[CVSS:3.0/AV:N/AC:L/PR:N/UI:N/S:U/C:H/I:H/A:N]]></Descriptor>
                  <Score><![CDATA[9.1]]></Score>
                  <TempScore><![CDATA[]]></TempScore>
                  <EnvScore><![CDATA[]]></EnvScore>
                  <AV><![CDATA[Network]]></AV>
                  <AC><![CDATA[Low]]></AC>
                  <PR><![CDATA[None]]></PR>
                  <UI><![CDATA[None]]></UI>
                  <S><![CDATA[Unchanged]]></S>
                  <C><![CDATA[High]]></C>
                  <I><![CDATA[High]]></I>
                  <A><![CDATA[None]]></A>
                  <E><![CDATA[]]></E>
                  <RL><![CDATA[]]></RL>
                  <RC><![CDATA[]]></RC>
                </CVSS3>
                <References>
                </References>
            </ReportItem>
<ReportItem id="3" color="orange">
                <Name><![CDATA[Vulnerable JavaScript library (verified)]]></Name>
                <ModuleName><![CDATA[/Scripts/PerFile/Javascript_Libraries_Audit.script]]></ModuleName>
                <Details><![CDATA[Detected JavaScript library <strong>jquery</strong> version <span class="bb-dark"><strong>1.7.2</strong></span>.
<br/><strong>Detection details: </strong>The library&#x27;s name and version were determined based on the file&#x27;s syntax fingerprint, and contents. Acunetix verified the library version and the associated vulnerabilities with the file&#x27;s unique syntax fingerprint, which matched the syntax fingerprint expected by Acunetix.<br/><br/>
References:
<ul>
     <li>https://github.com/jquery/jquery/issues/2432</li>
     <li>http://blog.jquery.com/2016/01/08/jquery-2-2-and-1-12-released/</li>
</ul>]]></Details>
                <Affects><![CDATA[/includes/jquery/jquery.js]]></Affects>
                <Parameter><![CDATA[]]></Parameter>
                <AOP_SourceFile><![CDATA[]]></AOP_SourceFile>
                <AOP_SourceLine></AOP_SourceLine>
                <AOP_Additional><![CDATA[]]></AOP_Additional>
                <IsFalsePositive><![CDATA[]]></IsFalsePositive>
                <Severity><![CDATA[medium]]></Severity>
                <Type><![CDATA[]]></Type>
                <Impact><![CDATA[Consult References for more information.]]></Impact>
                <Description><![CDATA[You are using a vulnerable JavaScript library. One or more vulnerabilities were reported for this version of the library. Consult Attack details and Web References for more information about the affected library and the vulnerabilities that were reported.]]></Description>
                <DetailedInformation><![CDATA[]]></DetailedInformation>
                <Recommendation><![CDATA[Upgrade to the latest version.]]></Recommendation>
                <TechnicalDetails>
                    <Request><![CDATA[GET /includes/jquery/jquery.js HTTP/1.1
referer: http://kontrak.airforce.mil.my/login.php
X-Resource-Type: script
Host: kontrak.airforce.mil.my
Connection: close
Accept: text/html,application/xhtml+xml,application/xml;q=0.9,*/*;q=0.8
Accept-Encoding: gzip,deflate
User-Agent: Mozilla/5.0 (Windows NT 10.0; Win64; x64) AppleWebKit/537.36 (KHTML, like Gecko) Chrome/73.0.3683.103 Safari/537.36
]]></Request>
                </TechnicalDetails>
                <CWEList>
                    <CWE id="16"><![CDATA[CWE-16]]></CWE>
                </CWEList>
                <CVEList>
                </CVEList>
                <CVSS>
                  <Descriptor><![CDATA[AV:N/AC:L/Au:N/C:P/I:P/A:N]]></Descriptor>
                  <Score><![CDATA[6.4]]></Score>
                  <AV><![CDATA[Network_Accessible]]></AV>
                  <AC><![CDATA[Low]]></AC>
                  <Au><![CDATA[None]]></Au>
                  <C><![CDATA[Partial]]></C>
                  <I><![CDATA[Partial]]></I>
                  <A><![CDATA[None]]></A>
                  <E><![CDATA[]]></E>
                  <RL><![CDATA[]]></RL>
                  <RC><![CDATA[]]></RC>
                </CVSS>
                <CVSS3>
                  <Descriptor><![CDATA[CVSS:3.0/AV:N/AC:L/PR:N/UI:N/S:U/C:L/I:L/A:N]]></Descriptor>
                  <Score><![CDATA[6.5]]></Score>
                  <TempScore><![CDATA[]]></TempScore>
                  <EnvScore><![CDATA[]]></EnvScore>
                  <AV><![CDATA[Network]]></AV>
                  <AC><![CDATA[Low]]></AC>
                  <PR><![CDATA[None]]></PR>
                  <UI><![CDATA[None]]></UI>
                  <S><![CDATA[Unchanged]]></S>
                  <C><![CDATA[Low]]></C>
                  <I><![CDATA[Low]]></I>
                  <A><![CDATA[None]]></A>
                  <E><![CDATA[]]></E>
                  <RL><![CDATA[]]></RL>
                  <RC><![CDATA[]]></RC>
                </CVSS3>
                <References>
                </References>
            </ReportItem>
<ReportItem id="4" color="blue">
                <Name><![CDATA[Clickjacking: X-Frame-Options header missing]]></Name>
                <ModuleName><![CDATA[/Scripts/PerServer/Clickjacking_X_Frame_Options.script]]></ModuleName>
                <Details><![CDATA[]]></Details>
                <Affects><![CDATA[/]]></Affects>
                <Parameter><![CDATA[]]></Parameter>
                <AOP_SourceFile><![CDATA[]]></AOP_SourceFile>
                <AOP_SourceLine></AOP_SourceLine>
                <AOP_Additional><![CDATA[]]></AOP_Additional>
                <IsFalsePositive><![CDATA[]]></IsFalsePositive>
                <Severity><![CDATA[low]]></Severity>
                <Type><![CDATA[abuseoffunctionality]]></Type>
                <Impact><![CDATA[The impact depends on the affected web application.]]></Impact>
                <Description><![CDATA[Clickjacking (User Interface redress attack, UI redress attack, UI redressing) is a malicious technique of tricking a Web user into clicking on something different from what the user perceives they are clicking on, thus potentially revealing confidential information or taking control of their computer while clicking on seemingly innocuous web pages. <br/><br/>
The server didn't return an <strong>X-Frame-Options</strong> header which means that this website could be at risk of a clickjacking attack. The X-Frame-Options HTTP response header can be used to indicate whether or not a browser should be allowed to render a page inside a frame or iframe. Sites can use this to avoid clickjacking attacks, by ensuring that their content is not embedded into other sites.]]></Description>
                <DetailedInformation><![CDATA[]]></DetailedInformation>
                <Recommendation><![CDATA[Configure your web server to include an X-Frame-Options header and a CSP header with frame-ancestors directive. Consult Web references for more information about the possible values for this header.]]></Recommendation>
                <TechnicalDetails>
                    <Request><![CDATA[GET / HTTP/1.1
Cookie: fusionZ34N8_visited=yes;fusionZ34N8_lastvisit=1596407748;BNES_fusionZ34N8_visited=bFnSqG19EnhvqbVzUgyWQcMWW/ph/5Z6exj9wrq/Ib1f8ChvIxW3pUSUj8Pv5psfWUUhy9VcXdQLfzeRaeOHTp3iWZTOUF+L;BNES_fusionZ34N8_lastvisit=5nTIV5RMBsfxbAU9wf54M7bnHcwsF9q8jgxDzU3Myr5jVczCctuIzIDBwlwZqRANM+ZLavfv7s63gnEk04LVZZoHsba8sPIB7AUVNDgLpHo=
Accept: text/html,application/xhtml+xml,application/xml;q=0.9,*/*;q=0.8
Accept-Encoding: gzip,deflate
Host: kontrak.airforce.mil.my
User-Agent: Mozilla/5.0 (Windows NT 10.0; Win64; x64) AppleWebKit/537.36 (KHTML, like Gecko) Chrome/73.0.3683.103 Safari/537.36
Connection: Keep-alive
]]></Request>
                </TechnicalDetails>
                <CWEList>
                    <CWE id="693"><![CDATA[CWE-693]]></CWE>
                </CWEList>
                <CVEList>
                </CVEList>
                <CVSS>
                  <Descriptor><![CDATA[AV:N/AC:M/Au:N/C:N/I:P/A:N]]></Descriptor>
                  <Score><![CDATA[4.3]]></Score>
                  <AV><![CDATA[Network_Accessible]]></AV>
                  <AC><![CDATA[Medium]]></AC>
                  <Au><![CDATA[None]]></Au>
                  <C><![CDATA[None]]></C>
                  <I><![CDATA[Partial]]></I>
                  <A><![CDATA[None]]></A>
                  <E><![CDATA[]]></E>
                  <RL><![CDATA[]]></RL>
                  <RC><![CDATA[]]></RC>
                </CVSS>
                <CVSS3>
                  <Descriptor><![CDATA[CVSS:3.1/AV:N/AC:L/PR:N/UI:N/S:C/C:N/I:L/A:N]]></Descriptor>
                  <Score><![CDATA[5.8]]></Score>
                  <TempScore><![CDATA[]]></TempScore>
                  <EnvScore><![CDATA[]]></EnvScore>
                  <AV><![CDATA[Network]]></AV>
                  <AC><![CDATA[Low]]></AC>
                  <PR><![CDATA[None]]></PR>
                  <UI><![CDATA[None]]></UI>
                  <S><![CDATA[Changed]]></S>
                  <C><![CDATA[None]]></C>
                  <I><![CDATA[Low]]></I>
                  <A><![CDATA[None]]></A>
                  <E><![CDATA[]]></E>
                  <RL><![CDATA[]]></RL>
                  <RC><![CDATA[]]></RC>
                </CVSS3>
                <References>
                    <Reference>
                      <Database><![CDATA[The X-Frame-Options response header]]></Database>
                      <URL><![CDATA[https://developer.mozilla.org/en-US/docs/Web/HTTP/Headers/X-Frame-Options]]></URL>
                    </Reference>
                    <Reference>
                      <Database><![CDATA[Clickjacking]]></Database>
                      <URL><![CDATA[https://en.wikipedia.org/wiki/Clickjacking]]></URL>
                    </Reference>
                    <Reference>
                      <Database><![CDATA[OWASP Clickjacking]]></Database>
                      <URL><![CDATA[https://cheatsheetseries.owasp.org/cheatsheets/Clickjacking_Defense_Cheat_Sheet.html]]></URL>
                    </Reference>
                    <Reference>
                      <Database><![CDATA[Frame Buster Buster]]></Database>
                      <URL><![CDATA[https://stackoverflow.com/questions/958997/frame-buster-buster-buster-code-needed]]></URL>
                    </Reference>
                </References>
            </ReportItem>
<ReportItem id="5" color="blue">
                <Name><![CDATA[Cookie(s) with missing, inconsistent, or contradictory properties. (verified)]]></Name>
                <ModuleName><![CDATA[/RPA/Cookie_Validator.js]]></ModuleName>
                <Details><![CDATA[A cookie was set with the following response header: <br/><br/><code>Set-Cookie: fusionZ34N8_visited=yes; expires=Mon, 02-Aug-2021 23:35:48 GMT; Max-Age=31536000; path=/</code><br/><br/>This cookie has the following issues: <br/><br/><li><strong>Cookie without SameSite attribute.</strong> When cookies lack the SameSite attribute, Web browsers may apply different and sometimes unexpected defaults. It is therefore recommended to add a SameSite attribute with an appropriate value of either &quot;Strict&quot;, &quot;Lax&quot;, or &quot;None&quot;.</li>]]></Details>
                <Affects><![CDATA[/]]></Affects>
                <Parameter><![CDATA[]]></Parameter>
                <AOP_SourceFile><![CDATA[]]></AOP_SourceFile>
                <AOP_SourceLine></AOP_SourceLine>
                <AOP_Additional><![CDATA[]]></AOP_Additional>
                <IsFalsePositive><![CDATA[]]></IsFalsePositive>
                <Severity><![CDATA[low]]></Severity>
                <Type><![CDATA[configuration]]></Type>
                <Impact><![CDATA[Cookies will not be stored, or submitted, by web browsers.]]></Impact>
                <Description><![CDATA[At least one of the cookie's properties causes the cookie to be invalid or incompatible with either a different property of the same cookie, of with the environment the cookie is being used in. Although this is not a vulnerability in itself, it will likely lead to unexpected behavior by the application, which in turn may cause secondary security issues.]]></Description>
                <DetailedInformation><![CDATA[]]></DetailedInformation>
                <Recommendation><![CDATA[Ensure that the cookie configuration complies with the applicable standards.]]></Recommendation>
                <TechnicalDetails>
                    <Request><![CDATA[GET / HTTP/1.1
Referer: http://kontrak.airforce.mil.my/
Accept: text/html,application/xhtml+xml,application/xml;q=0.9,*/*;q=0.8
Accept-Encoding: gzip,deflate
Host: kontrak.airforce.mil.my
User-Agent: Mozilla/5.0 (Windows NT 10.0; Win64; x64) AppleWebKit/537.36 (KHTML, like Gecko) Chrome/73.0.3683.103 Safari/537.36
Connection: Keep-alive
]]></Request>
                </TechnicalDetails>
                <CWEList>
                    <CWE id="16"><![CDATA[CWE-16]]></CWE>
                </CWEList>
                <CVEList>
                </CVEList>
                <CVSS>
                  <Descriptor><![CDATA[AV:N/AC:L/Au:N/C:N/I:N/A:N]]></Descriptor>
                  <Score><![CDATA[0.0]]></Score>
                  <AV><![CDATA[Network_Accessible]]></AV>
                  <AC><![CDATA[Low]]></AC>
                  <Au><![CDATA[None]]></Au>
                  <C><![CDATA[None]]></C>
                  <I><![CDATA[None]]></I>
                  <A><![CDATA[None]]></A>
                  <E><![CDATA[]]></E>
                  <RL><![CDATA[]]></RL>
                  <RC><![CDATA[]]></RC>
                </CVSS>
                <CVSS3>
                  <Descriptor><![CDATA[CVSS:3.1/AV:N/AC:L/PR:N/UI:R/S:U/C:N/I:N/A:N]]></Descriptor>
                  <Score><![CDATA[0.0]]></Score>
                  <TempScore><![CDATA[]]></TempScore>
                  <EnvScore><![CDATA[]]></EnvScore>
                  <AV><![CDATA[Network]]></AV>
                  <AC><![CDATA[Low]]></AC>
                  <PR><![CDATA[None]]></PR>
                  <UI><![CDATA[Required]]></UI>
                  <S><![CDATA[Unchanged]]></S>
                  <C><![CDATA[None]]></C>
                  <I><![CDATA[None]]></I>
                  <A><![CDATA[None]]></A>
                  <E><![CDATA[]]></E>
                  <RL><![CDATA[]]></RL>
                  <RC><![CDATA[]]></RC>
                </CVSS3>
                <References>
                    <Reference>
                      <Database><![CDATA[MDN | Set-Cookie]]></Database>
                      <URL><![CDATA[https://developer.mozilla.org/en-US/docs/Web/HTTP/Headers/Set-Cookie]]></URL>
                    </Reference>
                    <Reference>
                      <Database><![CDATA[Securing cookies with cookie prefixes]]></Database>
                      <URL><![CDATA[https://www.sjoerdlangkemper.nl/2017/02/09/cookie-prefixes/]]></URL>
                    </Reference>
                    <Reference>
                      <Database><![CDATA[Cookies: HTTP State Management Mechanism]]></Database>
                      <URL><![CDATA[https://tools.ietf.org/html/draft-ietf-httpbis-rfc6265bis-05]]></URL>
                    </Reference>
                    <Reference>
                      <Database><![CDATA[SameSite Updates - The Chromium Projects]]></Database>
                      <URL><![CDATA[https://www.chromium.org/updates/same-site]]></URL>
                    </Reference>
                    <Reference>
                      <Database><![CDATA[draft-west-first-party-cookies-07: Same-site Cookies]]></Database>
                      <URL><![CDATA[https://tools.ietf.org/html/draft-west-first-party-cookies-07]]></URL>
                    </Reference>
                </References>
            </ReportItem>
<ReportItem id="6" color="blue">
                <Name><![CDATA[Cookie(s) with missing, inconsistent, or contradictory properties. (verified)]]></Name>
                <ModuleName><![CDATA[/RPA/Cookie_Validator.js]]></ModuleName>
                <Details><![CDATA[A cookie was set with the following response header: <br/><br/><code>Set-Cookie: BNES_fusionZ34N8_visited=bFnSqG19EnhvqbVzUgyWQcMWW/ph/5Z6exj9wrq/Ib1f8ChvIxW3pUSUj8Pv5psfWUUhy9VcXdQLfzeRaeOHTp3iWZTOUF+L; expires=Mon, 02-Aug-2021 23:35:48 GMT; Max-Age=31536000; path=/</code><br/><br/>This cookie has the following issues: <br/><br/><li><strong>Cookie without SameSite attribute.</strong> When cookies lack the SameSite attribute, Web browsers may apply different and sometimes unexpected defaults. It is therefore recommended to add a SameSite attribute with an appropriate value of either &quot;Strict&quot;, &quot;Lax&quot;, or &quot;None&quot;.</li>]]></Details>
                <Affects><![CDATA[/]]></Affects>
                <Parameter><![CDATA[]]></Parameter>
                <AOP_SourceFile><![CDATA[]]></AOP_SourceFile>
                <AOP_SourceLine></AOP_SourceLine>
                <AOP_Additional><![CDATA[]]></AOP_Additional>
                <IsFalsePositive><![CDATA[]]></IsFalsePositive>
                <Severity><![CDATA[low]]></Severity>
                <Type><![CDATA[configuration]]></Type>
                <Impact><![CDATA[Cookies will not be stored, or submitted, by web browsers.]]></Impact>
                <Description><![CDATA[At least one of the cookie's properties causes the cookie to be invalid or incompatible with either a different property of the same cookie, of with the environment the cookie is being used in. Although this is not a vulnerability in itself, it will likely lead to unexpected behavior by the application, which in turn may cause secondary security issues.]]></Description>
                <DetailedInformation><![CDATA[]]></DetailedInformation>
                <Recommendation><![CDATA[Ensure that the cookie configuration complies with the applicable standards.]]></Recommendation>
                <TechnicalDetails>
                    <Request><![CDATA[GET / HTTP/1.1
Referer: http://kontrak.airforce.mil.my/
Accept: text/html,application/xhtml+xml,application/xml;q=0.9,*/*;q=0.8
Accept-Encoding: gzip,deflate
Host: kontrak.airforce.mil.my
User-Agent: Mozilla/5.0 (Windows NT 10.0; Win64; x64) AppleWebKit/537.36 (KHTML, like Gecko) Chrome/73.0.3683.103 Safari/537.36
Connection: Keep-alive
]]></Request>
                </TechnicalDetails>
                <CWEList>
                    <CWE id="16"><![CDATA[CWE-16]]></CWE>
                </CWEList>
                <CVEList>
                </CVEList>
                <CVSS>
                  <Descriptor><![CDATA[AV:N/AC:L/Au:N/C:N/I:N/A:N]]></Descriptor>
                  <Score><![CDATA[0.0]]></Score>
                  <AV><![CDATA[Network_Accessible]]></AV>
                  <AC><![CDATA[Low]]></AC>
                  <Au><![CDATA[None]]></Au>
                  <C><![CDATA[None]]></C>
                  <I><![CDATA[None]]></I>
                  <A><![CDATA[None]]></A>
                  <E><![CDATA[]]></E>
                  <RL><![CDATA[]]></RL>
                  <RC><![CDATA[]]></RC>
                </CVSS>
                <CVSS3>
                  <Descriptor><![CDATA[CVSS:3.1/AV:N/AC:L/PR:N/UI:R/S:U/C:N/I:N/A:N]]></Descriptor>
                  <Score><![CDATA[0.0]]></Score>
                  <TempScore><![CDATA[]]></TempScore>
                  <EnvScore><![CDATA[]]></EnvScore>
                  <AV><![CDATA[Network]]></AV>
                  <AC><![CDATA[Low]]></AC>
                  <PR><![CDATA[None]]></PR>
                  <UI><![CDATA[Required]]></UI>
                  <S><![CDATA[Unchanged]]></S>
                  <C><![CDATA[None]]></C>
                  <I><![CDATA[None]]></I>
                  <A><![CDATA[None]]></A>
                  <E><![CDATA[]]></E>
                  <RL><![CDATA[]]></RL>
                  <RC><![CDATA[]]></RC>
                </CVSS3>
                <References>
                    <Reference>
                      <Database><![CDATA[MDN | Set-Cookie]]></Database>
                      <URL><![CDATA[https://developer.mozilla.org/en-US/docs/Web/HTTP/Headers/Set-Cookie]]></URL>
                    </Reference>
                    <Reference>
                      <Database><![CDATA[Securing cookies with cookie prefixes]]></Database>
                      <URL><![CDATA[https://www.sjoerdlangkemper.nl/2017/02/09/cookie-prefixes/]]></URL>
                    </Reference>
                    <Reference>
                      <Database><![CDATA[Cookies: HTTP State Management Mechanism]]></Database>
                      <URL><![CDATA[https://tools.ietf.org/html/draft-ietf-httpbis-rfc6265bis-05]]></URL>
                    </Reference>
                    <Reference>
                      <Database><![CDATA[SameSite Updates - The Chromium Projects]]></Database>
                      <URL><![CDATA[https://www.chromium.org/updates/same-site]]></URL>
                    </Reference>
                    <Reference>
                      <Database><![CDATA[draft-west-first-party-cookies-07: Same-site Cookies]]></Database>
                      <URL><![CDATA[https://tools.ietf.org/html/draft-west-first-party-cookies-07]]></URL>
                    </Reference>
                </References>
            </ReportItem>
<ReportItem id="7" color="blue">
                <Name><![CDATA[Cookie(s) without HttpOnly flag set (verified)]]></Name>
                <ModuleName><![CDATA[/RPA/Cookie_Without_HttpOnly.js]]></ModuleName>
                <Details><![CDATA[Set-Cookie: fusionZ34N8_visited=yes; expires=Mon, 02-Aug-2021 23:35:48 GMT; Max-Age=31536000; path=/]]></Details>
                <Affects><![CDATA[/]]></Affects>
                <Parameter><![CDATA[]]></Parameter>
                <AOP_SourceFile><![CDATA[]]></AOP_SourceFile>
                <AOP_SourceLine></AOP_SourceLine>
                <AOP_Additional><![CDATA[]]></AOP_Additional>
                <IsFalsePositive><![CDATA[]]></IsFalsePositive>
                <Severity><![CDATA[low]]></Severity>
                <Type><![CDATA[configuration]]></Type>
                <Impact><![CDATA[Cookies can be accessed by client-side scripts.]]></Impact>
                <Description><![CDATA[This cookie does not have the HttpOnly flag set. When a cookie is set with the HttpOnly flag, it instructs the browser that the cookie can only be accessed by the server and not by client-side scripts. This is an important security protection for session cookies.]]></Description>
                <DetailedInformation><![CDATA[]]></DetailedInformation>
                <Recommendation><![CDATA[If possible, you should set the HttpOnly flag for this cookie.]]></Recommendation>
                <TechnicalDetails>
                    <Request><![CDATA[GET / HTTP/1.1
Referer: http://kontrak.airforce.mil.my/
Accept: text/html,application/xhtml+xml,application/xml;q=0.9,*/*;q=0.8
Accept-Encoding: gzip,deflate
Host: kontrak.airforce.mil.my
User-Agent: Mozilla/5.0 (Windows NT 10.0; Win64; x64) AppleWebKit/537.36 (KHTML, like Gecko) Chrome/73.0.3683.103 Safari/537.36
Connection: Keep-alive
]]></Request>
                </TechnicalDetails>
                <CWEList>
                    <CWE id="16"><![CDATA[CWE-16]]></CWE>
                </CWEList>
                <CVEList>
                </CVEList>
                <CVSS>
                  <Descriptor><![CDATA[AV:N/AC:L/Au:N/C:N/I:N/A:N]]></Descriptor>
                  <Score><![CDATA[0.0]]></Score>
                  <AV><![CDATA[Network_Accessible]]></AV>
                  <AC><![CDATA[Low]]></AC>
                  <Au><![CDATA[None]]></Au>
                  <C><![CDATA[None]]></C>
                  <I><![CDATA[None]]></I>
                  <A><![CDATA[None]]></A>
                  <E><![CDATA[]]></E>
                  <RL><![CDATA[]]></RL>
                  <RC><![CDATA[]]></RC>
                </CVSS>
                <CVSS3>
                  <Descriptor><![CDATA[CVSS:3.1/AV:N/AC:L/PR:N/UI:R/S:U/C:N/I:N/A:N]]></Descriptor>
                  <Score><![CDATA[0.0]]></Score>
                  <TempScore><![CDATA[]]></TempScore>
                  <EnvScore><![CDATA[]]></EnvScore>
                  <AV><![CDATA[Network]]></AV>
                  <AC><![CDATA[Low]]></AC>
                  <PR><![CDATA[None]]></PR>
                  <UI><![CDATA[Required]]></UI>
                  <S><![CDATA[Unchanged]]></S>
                  <C><![CDATA[None]]></C>
                  <I><![CDATA[None]]></I>
                  <A><![CDATA[None]]></A>
                  <E><![CDATA[]]></E>
                  <RL><![CDATA[]]></RL>
                  <RC><![CDATA[]]></RC>
                </CVSS3>
                <References>
                </References>
            </ReportItem>
<ReportItem id="8" color="blue">
                <Name><![CDATA[Cookie(s) without HttpOnly flag set (verified)]]></Name>
                <ModuleName><![CDATA[/RPA/Cookie_Without_HttpOnly.js]]></ModuleName>
                <Details><![CDATA[Set-Cookie: BNES_fusionZ34N8_visited=bFnSqG19EnhvqbVzUgyWQcMWW/ph/5Z6exj9wrq/Ib1f8ChvIxW3pUSUj8Pv5psfWUUhy9VcXdQLfzeRaeOHTp3iWZTOUF+L; expires=Mon, 02-Aug-2021 23:35:48 GMT; Max-Age=31536000; path=/]]></Details>
                <Affects><![CDATA[/]]></Affects>
                <Parameter><![CDATA[]]></Parameter>
                <AOP_SourceFile><![CDATA[]]></AOP_SourceFile>
                <AOP_SourceLine></AOP_SourceLine>
                <AOP_Additional><![CDATA[]]></AOP_Additional>
                <IsFalsePositive><![CDATA[]]></IsFalsePositive>
                <Severity><![CDATA[low]]></Severity>
                <Type><![CDATA[configuration]]></Type>
                <Impact><![CDATA[Cookies can be accessed by client-side scripts.]]></Impact>
                <Description><![CDATA[This cookie does not have the HttpOnly flag set. When a cookie is set with the HttpOnly flag, it instructs the browser that the cookie can only be accessed by the server and not by client-side scripts. This is an important security protection for session cookies.]]></Description>
                <DetailedInformation><![CDATA[]]></DetailedInformation>
                <Recommendation><![CDATA[If possible, you should set the HttpOnly flag for this cookie.]]></Recommendation>
                <TechnicalDetails>
                    <Request><![CDATA[GET / HTTP/1.1
Referer: http://kontrak.airforce.mil.my/
Accept: text/html,application/xhtml+xml,application/xml;q=0.9,*/*;q=0.8
Accept-Encoding: gzip,deflate
Host: kontrak.airforce.mil.my
User-Agent: Mozilla/5.0 (Windows NT 10.0; Win64; x64) AppleWebKit/537.36 (KHTML, like Gecko) Chrome/73.0.3683.103 Safari/537.36
Connection: Keep-alive
]]></Request>
                </TechnicalDetails>
                <CWEList>
                    <CWE id="16"><![CDATA[CWE-16]]></CWE>
                </CWEList>
                <CVEList>
                </CVEList>
                <CVSS>
                  <Descriptor><![CDATA[AV:N/AC:L/Au:N/C:N/I:N/A:N]]></Descriptor>
                  <Score><![CDATA[0.0]]></Score>
                  <AV><![CDATA[Network_Accessible]]></AV>
                  <AC><![CDATA[Low]]></AC>
                  <Au><![CDATA[None]]></Au>
                  <C><![CDATA[None]]></C>
                  <I><![CDATA[None]]></I>
                  <A><![CDATA[None]]></A>
                  <E><![CDATA[]]></E>
                  <RL><![CDATA[]]></RL>
                  <RC><![CDATA[]]></RC>
                </CVSS>
                <CVSS3>
                  <Descriptor><![CDATA[CVSS:3.1/AV:N/AC:L/PR:N/UI:R/S:U/C:N/I:N/A:N]]></Descriptor>
                  <Score><![CDATA[0.0]]></Score>
                  <TempScore><![CDATA[]]></TempScore>
                  <EnvScore><![CDATA[]]></EnvScore>
                  <AV><![CDATA[Network]]></AV>
                  <AC><![CDATA[Low]]></AC>
                  <PR><![CDATA[None]]></PR>
                  <UI><![CDATA[Required]]></UI>
                  <S><![CDATA[Unchanged]]></S>
                  <C><![CDATA[None]]></C>
                  <I><![CDATA[None]]></I>
                  <A><![CDATA[None]]></A>
                  <E><![CDATA[]]></E>
                  <RL><![CDATA[]]></RL>
                  <RC><![CDATA[]]></RC>
                </CVSS3>
                <References>
                </References>
            </ReportItem>
<ReportItem id="9" color="blue">
                <Name><![CDATA[Login page password-guessing attack]]></Name>
                <ModuleName><![CDATA[/httpdata/html_auth_weak_creds.js]]></ModuleName>
                <Details><![CDATA[]]></Details>
                <Affects><![CDATA[/login.php]]></Affects>
                <Parameter><![CDATA[]]></Parameter>
                <AOP_SourceFile><![CDATA[]]></AOP_SourceFile>
                <AOP_SourceLine></AOP_SourceLine>
                <AOP_Additional><![CDATA[]]></AOP_Additional>
                <IsFalsePositive><![CDATA[]]></IsFalsePositive>
                <Severity><![CDATA[low]]></Severity>
                <Type><![CDATA[abuseoffunctionality]]></Type>
                <Impact><![CDATA[An attacker may attempt to discover a weak password by systematically trying every possible combination of letters, numbers, and symbols until it discovers the one correct combination that works.]]></Impact>
                <Description><![CDATA[A common threat web developers face is a password-guessing attack known as a brute force attack. A brute-force attack is an attempt to discover a password by systematically trying every possible combination of letters, numbers, and symbols until you discover the one correct combination that works. <br/><br/>
This login page doesn't have any protection against password-guessing attacks (brute force attacks). It's recommended to implement some type of account lockout after a defined number of incorrect password attempts. Consult Web references for more information about fixing this problem.]]></Description>
                <DetailedInformation><![CDATA[]]></DetailedInformation>
                <Recommendation><![CDATA[It's recommended to implement some type of account lockout after a defined number of incorrect password attempts.]]></Recommendation>
                <TechnicalDetails>
                    <Request><![CDATA[POST /login.php HTTP/1.1
Referer: http://kontrak.airforce.mil.my/login.php
Cookie: fusionZ34N8_visited=yes;fusionZ34N8_lastvisit=1596409416;BNES_fusionZ34N8_visited=3pXn3j8ZsOQyWVoPzdjcUJ5Pozvi7oehsGI11I8SF12x7IKaYkUDZoqHmQpq/Z12kBxNHlr+VfIolheatWJYLfcNFRQmZObF;BNES_fusionZ34N8_lastvisit=/8zfsPxxHg2wGtIT5Cekssvv/uDGLKs5tDObvrPlgsj7Bck2EmNxLvc/YLs+0cdjEvKgVHLvgYEZ0+7fqVBktjjq+am6lHbHAt7zR0jsYjE=;
Content-Type: application/x-www-form-urlencoded
Accept: text/html,application/xhtml+xml,application/xml;q=0.9,*/*;q=0.8
Accept-Encoding: gzip,deflate
Content-Length: 61
Host: kontrak.airforce.mil.my
User-Agent: Mozilla/5.0 (Windows NT 10.0; Win64; x64) AppleWebKit/537.36 (KHTML, like Gecko) Chrome/73.0.3683.103 Safari/537.36
Connection: Keep-alive
user_name=author&amp;user_pass=testing&amp;remember_me=y&amp;login=Login&amp;]]></Request>
                </TechnicalDetails>
                <CWEList>
                    <CWE id="307"><![CDATA[CWE-307]]></CWE>
                </CWEList>
                <CVEList>
                </CVEList>
                <CVSS>
                  <Descriptor><![CDATA[AV:N/AC:L/Au:N/C:P/I:N/A:N]]></Descriptor>
                  <Score><![CDATA[5.0]]></Score>
                  <AV><![CDATA[Network_Accessible]]></AV>
                  <AC><![CDATA[Low]]></AC>
                  <Au><![CDATA[None]]></Au>
                  <C><![CDATA[Partial]]></C>
                  <I><![CDATA[None]]></I>
                  <A><![CDATA[None]]></A>
                  <E><![CDATA[]]></E>
                  <RL><![CDATA[]]></RL>
                  <RC><![CDATA[]]></RC>
                </CVSS>
                <CVSS3>
                  <Descriptor><![CDATA[CVSS:3.0/AV:N/AC:L/PR:N/UI:N/S:U/C:N/I:N/A:L]]></Descriptor>
                  <Score><![CDATA[5.3]]></Score>
                  <TempScore><![CDATA[]]></TempScore>
                  <EnvScore><![CDATA[]]></EnvScore>
                  <AV><![CDATA[Network]]></AV>
                  <AC><![CDATA[Low]]></AC>
                  <PR><![CDATA[None]]></PR>
                  <UI><![CDATA[None]]></UI>
                  <S><![CDATA[Unchanged]]></S>
                  <C><![CDATA[None]]></C>
                  <I><![CDATA[None]]></I>
                  <A><![CDATA[Low]]></A>
                  <E><![CDATA[]]></E>
                  <RL><![CDATA[]]></RL>
                  <RC><![CDATA[]]></RC>
                </CVSS3>
                <References>
                    <Reference>
                      <Database><![CDATA[Blocking Brute Force Attacks]]></Database>
                      <URL><![CDATA[https://www.owasp.org/index.php/Blocking_Brute_Force_Attacks]]></URL>
                    </Reference>
                </References>
            </ReportItem>
<ReportItem id="10" color="blue">
                <Name><![CDATA[Unencrypted connection (verified)]]></Name>
                <ModuleName><![CDATA[/RPA/no_https.js]]></ModuleName>
                <Details><![CDATA[]]></Details>
                <Affects><![CDATA[/]]></Affects>
                <Parameter><![CDATA[]]></Parameter>
                <AOP_SourceFile><![CDATA[]]></AOP_SourceFile>
                <AOP_SourceLine></AOP_SourceLine>
                <AOP_Additional><![CDATA[]]></AOP_Additional>
                <IsFalsePositive><![CDATA[]]></IsFalsePositive>
                <Severity><![CDATA[low]]></Severity>
                <Type><![CDATA[weakcrypto]]></Type>
                <Impact><![CDATA[Possible information disclosure.]]></Impact>
                <Description><![CDATA[This scan target was connected to over an unencrypted connection. A potential attacker can intercept and modify data sent and received from this site.]]></Description>
                <DetailedInformation><![CDATA[]]></DetailedInformation>
                <Recommendation><![CDATA[The site should send and receive data over a secure (HTTPS) connection.]]></Recommendation>
                <TechnicalDetails>
                    <Request><![CDATA[GET / HTTP/1.1
Referer: http://kontrak.airforce.mil.my/
Accept: text/html,application/xhtml+xml,application/xml;q=0.9,*/*;q=0.8
Accept-Encoding: gzip,deflate
Host: kontrak.airforce.mil.my
User-Agent: Mozilla/5.0 (Windows NT 10.0; Win64; x64) AppleWebKit/537.36 (KHTML, like Gecko) Chrome/73.0.3683.103 Safari/537.36
Connection: Keep-alive
]]></Request>
                </TechnicalDetails>
                <CWEList>
                    <CWE id="310"><![CDATA[CWE-310]]></CWE>
                </CWEList>
                <CVEList>
                </CVEList>
                <CVSS>
                  <Descriptor><![CDATA[AV:N/AC:M/Au:N/C:P/I:P/A:N]]></Descriptor>
                  <Score><![CDATA[5.8]]></Score>
                  <AV><![CDATA[Network_Accessible]]></AV>
                  <AC><![CDATA[Medium]]></AC>
                  <Au><![CDATA[None]]></Au>
                  <C><![CDATA[Partial]]></C>
                  <I><![CDATA[Partial]]></I>
                  <A><![CDATA[None]]></A>
                  <E><![CDATA[]]></E>
                  <RL><![CDATA[]]></RL>
                  <RC><![CDATA[]]></RC>
                </CVSS>
                <CVSS3>
                  <Descriptor><![CDATA[CVSS:3.0/AV:N/AC:L/PR:N/UI:N/S:U/C:H/I:H/A:N]]></Descriptor>
                  <Score><![CDATA[9.1]]></Score>
                  <TempScore><![CDATA[]]></TempScore>
                  <EnvScore><![CDATA[]]></EnvScore>
                  <AV><![CDATA[Network]]></AV>
                  <AC><![CDATA[Low]]></AC>
                  <PR><![CDATA[None]]></PR>
                  <UI><![CDATA[None]]></UI>
                  <S><![CDATA[Unchanged]]></S>
                  <C><![CDATA[High]]></C>
                  <I><![CDATA[High]]></I>
                  <A><![CDATA[None]]></A>
                  <E><![CDATA[]]></E>
                  <RL><![CDATA[]]></RL>
                  <RC><![CDATA[]]></RC>
                </CVSS3>
                <References>
                </References>
            </ReportItem>
<ReportItem id="11" color="green">
                <Name><![CDATA[Content Security Policy (CSP) not implemented]]></Name>
                <ModuleName><![CDATA[/httpdata/CSP_not_implemented.js]]></ModuleName>
                <Details><![CDATA[]]></Details>
                <Affects><![CDATA[/]]></Affects>
                <Parameter><![CDATA[]]></Parameter>
                <AOP_SourceFile><![CDATA[]]></AOP_SourceFile>
                <AOP_SourceLine></AOP_SourceLine>
                <AOP_Additional><![CDATA[]]></AOP_Additional>
                <IsFalsePositive><![CDATA[]]></IsFalsePositive>
                <Severity><![CDATA[informational]]></Severity>
                <Type><![CDATA[configuration]]></Type>
                <Impact><![CDATA[CSP can be used to prevent and/or mitigate attacks that involve content/code injection, such as cross-site scripting/XSS attacks, attacks that require embedding a malicious resource, attacks that involve malicious use of iframes, such as clickjacking attacks, and others.]]></Impact>
                <Description><![CDATA[Content Security Policy (CSP) is an added layer of security that helps to detect and mitigate certain types of attacks, including Cross Site Scripting (XSS) and data injection attacks. <br/><br/>
Content Security Policy (CSP) can be implemented by adding a <strong>Content-Security-Policy</strong> header. The value of this header is a string containing the policy directives describing your Content Security Policy. To implement CSP, you should define lists of allowed origins for the all of the types of resources that your site utilizes. For example, if you have a simple site that needs to load scripts, stylesheets, and images hosted locally, as well as from the jQuery library from their CDN, the CSP header could look like the following:
<pre><code>
Content-Security-Policy:
    default-src 'self';
    script-src 'self' https://code.jquery.com;
</code></pre>
<br/><br/>
It was detected that your web application doesn't implement Content Security Policy (CSP) as the CSP header is missing from the response. It's recommended to implement Content Security Policy (CSP) into your web application.]]></Description>
                <DetailedInformation><![CDATA[]]></DetailedInformation>
                <Recommendation><![CDATA[It's recommended to implement Content Security Policy (CSP) into your web application. Configuring Content Security Policy involves adding the <strong>Content-Security-Policy</strong> HTTP header to a web page and giving it values to control resources the user agent is allowed to load for that page.]]></Recommendation>
                <TechnicalDetails>
                    <Request><![CDATA[GET / HTTP/1.1
Referer: http://kontrak.airforce.mil.my/
Accept: text/html,application/xhtml+xml,application/xml;q=0.9,*/*;q=0.8
Accept-Encoding: gzip,deflate
Host: kontrak.airforce.mil.my
User-Agent: Mozilla/5.0 (Windows NT 10.0; Win64; x64) AppleWebKit/537.36 (KHTML, like Gecko) Chrome/73.0.3683.103 Safari/537.36
Connection: Keep-alive
]]></Request>
                </TechnicalDetails>
                <CWEList>
                    <CWE id="16"><![CDATA[CWE-16]]></CWE>
                </CWEList>
                <CVEList>
                </CVEList>
                <CVSS>
                  <Descriptor><![CDATA[AV:N/AC:L/Au:N/C:N/I:N/A:N]]></Descriptor>
                  <Score><![CDATA[0.0]]></Score>
                  <AV><![CDATA[Network_Accessible]]></AV>
                  <AC><![CDATA[Low]]></AC>
                  <Au><![CDATA[None]]></Au>
                  <C><![CDATA[None]]></C>
                  <I><![CDATA[None]]></I>
                  <A><![CDATA[None]]></A>
                  <E><![CDATA[]]></E>
                  <RL><![CDATA[]]></RL>
                  <RC><![CDATA[]]></RC>
                </CVSS>
                <CVSS3>
                  <Descriptor><![CDATA[CVSS:3.1/AV:N/AC:L/PR:N/UI:R/S:C/C:N/I:N/A:N]]></Descriptor>
                  <Score><![CDATA[0.0]]></Score>
                  <TempScore><![CDATA[]]></TempScore>
                  <EnvScore><![CDATA[]]></EnvScore>
                  <AV><![CDATA[Network]]></AV>
                  <AC><![CDATA[Low]]></AC>
                  <PR><![CDATA[None]]></PR>
                  <UI><![CDATA[Required]]></UI>
                  <S><![CDATA[Changed]]></S>
                  <C><![CDATA[None]]></C>
                  <I><![CDATA[None]]></I>
                  <A><![CDATA[None]]></A>
                  <E><![CDATA[]]></E>
                  <RL><![CDATA[]]></RL>
                  <RC><![CDATA[]]></RC>
                </CVSS3>
                <References>
                    <Reference>
                      <Database><![CDATA[Content Security Policy (CSP)]]></Database>
                      <URL><![CDATA[https://developer.mozilla.org/en-US/docs/Web/HTTP/CSP]]></URL>
                    </Reference>
                    <Reference>
                      <Database><![CDATA[Implementing Content Security Policy]]></Database>
                      <URL><![CDATA[https://hacks.mozilla.org/2016/02/implementing-content-security-policy/]]></URL>
                    </Reference>
                </References>
            </ReportItem>
<ReportItem id="12" color="green">
                <Name><![CDATA[Password type input with auto-complete enabled]]></Name>
                <ModuleName><![CDATA[/Crawler/12-Crawler_Password_Input_Autocomplete.js]]></ModuleName>
                <Details><![CDATA[Form name: loginpageform <br/>Form action: login.php <br/>Form method: POST <br/><br/>Form input: <br/><ul><li> user_pass [password]</li></ul>]]></Details>
                <Affects><![CDATA[/]]></Affects>
                <Parameter><![CDATA[loginpageform]]></Parameter>
                <AOP_SourceFile><![CDATA[]]></AOP_SourceFile>
                <AOP_SourceLine></AOP_SourceLine>
                <AOP_Additional><![CDATA[]]></AOP_Additional>
                <IsFalsePositive><![CDATA[]]></IsFalsePositive>
                <Severity><![CDATA[informational]]></Severity>
                <Type><![CDATA[informationdisclosure]]></Type>
                <Impact><![CDATA[Possible sensitive information disclosure.]]></Impact>
                <Description><![CDATA[When a new name and password is entered in a form and the form is submitted, the browser asks if the password should be saved.Thereafter when the form is displayed, the name and password are filled in automatically or are completed as the name is entered. An attacker with local access could obtain the cleartext password from the browser cache.]]></Description>
                <DetailedInformation><![CDATA[]]></DetailedInformation>
                <Recommendation><![CDATA[The password auto-complete should be disabled in sensitive applications. <br/>To disable auto-complete, you may use a code similar to: <pre><code>&lt;INPUT TYPE=&quot;password&quot; AUTOCOMPLETE=&quot;off&quot;&gt;</code></pre>]]></Recommendation>
                <TechnicalDetails>
                    <Request><![CDATA[GET /login.php HTTP/1.1
Referer: http://kontrak.airforce.mil.my/
Cookie: fusionZ34N8_visited=yes;fusionZ34N8_lastvisit=1596407748;BNES_fusionZ34N8_visited=bFnSqG19EnhvqbVzUgyWQcMWW/ph/5Z6exj9wrq/Ib1f8ChvIxW3pUSUj8Pv5psfWUUhy9VcXdQLfzeRaeOHTp3iWZTOUF+L;BNES_fusionZ34N8_lastvisit=5nTIV5RMBsfxbAU9wf54M7bnHcwsF9q8jgxDzU3Myr5jVczCctuIzIDBwlwZqRANM+ZLavfv7s63gnEk04LVZZoHsba8sPIB7AUVNDgLpHo=
Accept: text/html,application/xhtml+xml,application/xml;q=0.9,*/*;q=0.8
Accept-Encoding: gzip,deflate
Host: kontrak.airforce.mil.my
User-Agent: Mozilla/5.0 (Windows NT 10.0; Win64; x64) AppleWebKit/537.36 (KHTML, like Gecko) Chrome/73.0.3683.103 Safari/537.36
Connection: Keep-alive
]]></Request>
                </TechnicalDetails>
                <CWEList>
                    <CWE id="200"><![CDATA[CWE-200]]></CWE>
                </CWEList>
                <CVEList>
                </CVEList>
                <CVSS>
                  <Descriptor><![CDATA[AV:N/AC:L/Au:N/C:N/I:N/A:N]]></Descriptor>
                  <Score><![CDATA[0.0]]></Score>
                  <AV><![CDATA[Network_Accessible]]></AV>
                  <AC><![CDATA[Low]]></AC>
                  <Au><![CDATA[None]]></Au>
                  <C><![CDATA[None]]></C>
                  <I><![CDATA[None]]></I>
                  <A><![CDATA[None]]></A>
                  <E><![CDATA[]]></E>
                  <RL><![CDATA[]]></RL>
                  <RC><![CDATA[]]></RC>
                </CVSS>
                <CVSS3>
                  <Descriptor><![CDATA[CVSS:3.0/AV:N/AC:L/PR:N/UI:N/S:U/C:H/I:N/A:N]]></Descriptor>
                  <Score><![CDATA[7.5]]></Score>
                  <TempScore><![CDATA[]]></TempScore>
                  <EnvScore><![CDATA[]]></EnvScore>
                  <AV><![CDATA[Network]]></AV>
                  <AC><![CDATA[Low]]></AC>
                  <PR><![CDATA[None]]></PR>
                  <UI><![CDATA[None]]></UI>
                  <S><![CDATA[Unchanged]]></S>
                  <C><![CDATA[High]]></C>
                  <I><![CDATA[None]]></I>
                  <A><![CDATA[None]]></A>
                  <E><![CDATA[]]></E>
                  <RL><![CDATA[]]></RL>
                  <RC><![CDATA[]]></RC>
                </CVSS3>
                <References>
                </References>
            </ReportItem>
        </ReportItems>
    </Scan>
</ScanGroup>
