<?xml version="1.0"?>
<ScanGroup ExportedOn="11/08/2020, 08:40:06">
<Scan>
        <Name><![CDATA[scan_name]]></Name>
        <ShortName><![CDATA[scan_short_name]]></ShortName>
        <StartURL><![CDATA[ekemudahan.mod.gov.my]]></StartURL>
        <StartTime><![CDATA[04/08/2020, 07:35:03]]></StartTime>
        <FinishTime><![CDATA[06/08/2020, 07:35:36]]></FinishTime>
        <ScanTime><![CDATA[2879 minutes, 46 seconds]]></ScanTime>
        <Aborted><![CDATA[False]]></Aborted>
        <Responsive><![CDATA[True]]></Responsive>
        <Banner><![CDATA[]]></Banner>
        <Os><![CDATA[Unknown]]></Os>
        <WebServer><![CDATA[None]]></WebServer>
        <Technologies>
            <![CDATA[
            ]]>
        </Technologies>
        <Crawler StartUrl="https://ekemudahan.mod.gov.my/">
            <Cookies>
            </Cookies>
            <SiteFiles>
<SiteFile id="1">
                    <Name><![CDATA[https://ekemudahan.mod.gov.my/]]></Name>
                    <URL><![CDATA[/]]></URL>
                    <FullURL><![CDATA[https://ekemudahan.mod.gov.my/]]></FullURL>
                </SiteFile>
<SiteFile id="2">
                    <Name><![CDATA[4WpMPaBsqG]]></Name>
                    <URL><![CDATA[/4WpMPaBsqG]]></URL>
                    <FullURL><![CDATA[https://ekemudahan.mod.gov.my/4WpMPaBsqG]]></FullURL>
                </SiteFile>
<SiteFile id="3">
                    <Name><![CDATA[admin]]></Name>
                    <URL><![CDATA[/admin/]]></URL>
                    <FullURL><![CDATA[https://ekemudahan.mod.gov.my/admin/]]></FullURL>
                </SiteFile>
<SiteFile id="4">
                    <Name><![CDATA[css]]></Name>
                    <URL><![CDATA[/css/]]></URL>
                    <FullURL><![CDATA[https://ekemudahan.mod.gov.my/css/]]></FullURL>
                </SiteFile>
<SiteFile id="5">
                    <Name><![CDATA[images]]></Name>
                    <URL><![CDATA[/css/images/]]></URL>
                    <FullURL><![CDATA[https://ekemudahan.mod.gov.my/css/images/]]></FullURL>
                </SiteFile>
<SiteFile id="6">
                    <Name><![CDATA[img]]></Name>
                    <URL><![CDATA[/css/img/]]></URL>
                    <FullURL><![CDATA[https://ekemudahan.mod.gov.my/css/img/]]></FullURL>
                </SiteFile>
<SiteFile id="7">
                    <Name><![CDATA[layout.css]]></Name>
                    <URL><![CDATA[/css/layout.css]]></URL>
                    <FullURL><![CDATA[https://ekemudahan.mod.gov.my/css/layout.css]]></FullURL>
                </SiteFile>
<SiteFile id="8">
                    <Name><![CDATA[myownstyles.css]]></Name>
                    <URL><![CDATA[/css/myownstyles.css]]></URL>
                    <FullURL><![CDATA[https://ekemudahan.mod.gov.my/css/myownstyles.css]]></FullURL>
                </SiteFile>
<SiteFile id="9">
                    <Name><![CDATA[navi.css]]></Name>
                    <URL><![CDATA[/css/navi.css]]></URL>
                    <FullURL><![CDATA[https://ekemudahan.mod.gov.my/css/navi.css]]></FullURL>
                </SiteFile>
<SiteFile id="10">
                    <Name><![CDATA[daftarpengguna.php]]></Name>
                    <URL><![CDATA[/daftarpengguna.php]]></URL>
                    <FullURL><![CDATA[https://ekemudahan.mod.gov.my/daftarpengguna.php]]></FullURL>
                </SiteFile>
<SiteFile id="11">
                    <Name><![CDATA[daftarpengguna_exe.php]]></Name>
                    <URL><![CDATA[/daftarpengguna_exe.php]]></URL>
                    <FullURL><![CDATA[https://ekemudahan.mod.gov.my/daftarpengguna_exe.php]]></FullURL>
                </SiteFile>
<SiteFile id="12">
                    <Name><![CDATA[footer.php]]></Name>
                    <URL><![CDATA[/footer.php]]></URL>
                    <FullURL><![CDATA[https://ekemudahan.mod.gov.my/footer.php]]></FullURL>
                </SiteFile>
<SiteFile id="13">
                    <Name><![CDATA[function]]></Name>
                    <URL><![CDATA[/function/]]></URL>
                    <FullURL><![CDATA[https://ekemudahan.mod.gov.my/function/]]></FullURL>
                </SiteFile>
<SiteFile id="14">
                    <Name><![CDATA[functionalScript.js]]></Name>
                    <URL><![CDATA[/function/functionalScript.js]]></URL>
                    <FullURL><![CDATA[https://ekemudahan.mod.gov.my/function/functionalScript.js]]></FullURL>
                </SiteFile>
<SiteFile id="15">
                    <Name><![CDATA[header.php]]></Name>
                    <URL><![CDATA[/header.php]]></URL>
                    <FullURL><![CDATA[https://ekemudahan.mod.gov.my/header.php]]></FullURL>
                </SiteFile>
<SiteFile id="16">
                    <Name><![CDATA[images]]></Name>
                    <URL><![CDATA[/images/]]></URL>
                    <FullURL><![CDATA[https://ekemudahan.mod.gov.my/images/]]></FullURL>
                </SiteFile>
<SiteFile id="17">
                    <Name><![CDATA[include]]></Name>
                    <URL><![CDATA[/include/]]></URL>
                    <FullURL><![CDATA[https://ekemudahan.mod.gov.my/include/]]></FullURL>
                </SiteFile>
<SiteFile id="18">
                    <Name><![CDATA[logincheck.php]]></Name>
                    <URL><![CDATA[/include/logincheck.php]]></URL>
                    <FullURL><![CDATA[https://ekemudahan.mod.gov.my/include/logincheck.php]]></FullURL>
                </SiteFile>
<SiteFile id="19">
                    <Name><![CDATA[index.php]]></Name>
                    <URL><![CDATA[/index.php]]></URL>
                    <FullURL><![CDATA[https://ekemudahan.mod.gov.my/index.php]]></FullURL>
                </SiteFile>
<SiteFile id="20">
                    <Name><![CDATA[resetkatalaluan.php]]></Name>
                    <URL><![CDATA[/resetkatalaluan.php]]></URL>
                    <FullURL><![CDATA[https://ekemudahan.mod.gov.my/resetkatalaluan.php]]></FullURL>
                </SiteFile>
<SiteFile id="21">
                    <Name><![CDATA[resetkatalaluan_exe.php]]></Name>
                    <URL><![CDATA[/resetkatalaluan_exe.php]]></URL>
                    <FullURL><![CDATA[https://ekemudahan.mod.gov.my/resetkatalaluan_exe.php]]></FullURL>
                </SiteFile>
<SiteFile id="22">
                    <Name><![CDATA[test.php]]></Name>
                    <URL><![CDATA[/test.php]]></URL>
                    <FullURL><![CDATA[https://ekemudahan.mod.gov.my/test.php]]></FullURL>
                </SiteFile>
            </SiteFiles>
        </Crawler>
        <ReportItems>
<ReportItem id="1" color="orange">
                <Name><![CDATA[Error message on page]]></Name>
                <ModuleName><![CDATA[/Scripts/PerFile/Text_Search_File.script]]></ModuleName>
                <Details><![CDATA[
Pattern found: <pre><span class="bb-blue">&lt;th align=&#x27;left&#x27; bgcolor=&#x27;#f57900&#x27; colspan=&quot;5&quot;&gt;&lt;span style=&#x27;background-color: #cc0000; color: #fce94f; font-size: x-large;&#x27;&gt;( ! )&lt;/span&gt; Notice: Undefined index: IdLogin in /var/www/html/ekemudahan/include/logincheck.php on line &lt;i&gt;10&lt;/i&gt;&lt;/th&gt;</span></pre>
]]></Details>
                <Affects><![CDATA[/include/logincheck.php]]></Affects>
                <Parameter><![CDATA[]]></Parameter>
                <AOP_SourceFile><![CDATA[]]></AOP_SourceFile>
                <AOP_SourceLine></AOP_SourceLine>
                <AOP_Additional><![CDATA[]]></AOP_Additional>
                <IsFalsePositive><![CDATA[]]></IsFalsePositive>
                <Severity><![CDATA[medium]]></Severity>
                <Type><![CDATA[informationdisclosure]]></Type>
                <Impact><![CDATA[Error messages may disclose sensitive information which can be used to escalate attacks.]]></Impact>
                <Description><![CDATA[<div class="bb-coolbox"><span class="bb-dark">This alert requires manual confirmation</span></div><br/>
Application error or warning messages may expose sensitive information about an application's internal workings to an attacker.<br/><br/>
Acunetix found an error or warning message that may disclose sensitive information. The message may also contain the location of the file that produced an unhandled exception. Consult the 'Attack details' section for more information about the affected page.]]></Description>
                <DetailedInformation><![CDATA[While information disclosure vulnerabilities are not directly exploitable by an attacker, they may help an attacker to learn about system specific information. The following is a list of <strong>some</strong> of the information an attacker may be able to obtain from application error disclosure.<br/>
<ul>
  <li>Internal IP addresses</li>
  <li>Secrets (passwords, keys, tokens...)</li>
  <li>Operating system distributions</li>
  <li>Software version numbers</li>
  <li>Missing security patches</li>
  <li>Application stack traces</li>
  <li>SQL statements</li>
  <li>Location of sensitive files (backups, temporary files...)</li>
  <li>Location of sensitive resources (databases, caches, code repositories...)</li>
<ul>]]></DetailedInformation>
                <Recommendation><![CDATA[Verify that this page is disclosing error or warning messages and properly configure the application to log errors to a file instead of displaying the error to the user.]]></Recommendation>
                <TechnicalDetails>
                    <Request><![CDATA[GET /include/logincheck.php HTTP/1.1
Referer: https://ekemudahan.mod.gov.my/
Cookie: PHPSESSID=fl7fkincbp395un4e2032i15a5;BNES_PHPSESSID=hJeTesaPLVKIIoteT0R0Z4Sv418wImoMBsqZYsJgJtuC50b/wft6IBd8cOHsgTurL2/YoVnK9tYxuGDIZDYGxToGu5dihku8mQQaP0P3++Q=
Accept: text/html,application/xhtml+xml,application/xml;q=0.9,*/*;q=0.8
Accept-Encoding: gzip,deflate
Host: ekemudahan.mod.gov.my
User-Agent: Mozilla/5.0 (Windows NT 10.0; Win64; x64) AppleWebKit/537.36 (KHTML, like Gecko) Chrome/73.0.3683.103 Safari/537.36
Connection: Keep-alive
]]></Request>
                </TechnicalDetails>
                <CWEList>
                    <CWE id="200"><![CDATA[CWE-200]]></CWE>
                </CWEList>
                <CVEList>
                </CVEList>
                <CVSS>
                  <Descriptor><![CDATA[AV:N/AC:L/Au:N/C:P/I:N/A:N]]></Descriptor>
                  <Score><![CDATA[5.0]]></Score>
                  <AV><![CDATA[Network_Accessible]]></AV>
                  <AC><![CDATA[Low]]></AC>
                  <Au><![CDATA[None]]></Au>
                  <C><![CDATA[Partial]]></C>
                  <I><![CDATA[None]]></I>
                  <A><![CDATA[None]]></A>
                  <E><![CDATA[]]></E>
                  <RL><![CDATA[]]></RL>
                  <RC><![CDATA[]]></RC>
                </CVSS>
                <CVSS3>
                  <Descriptor><![CDATA[CVSS:3.0/AV:N/AC:L/PR:N/UI:N/S:U/C:L/I:N/A:N]]></Descriptor>
                  <Score><![CDATA[5.3]]></Score>
                  <TempScore><![CDATA[]]></TempScore>
                  <EnvScore><![CDATA[]]></EnvScore>
                  <AV><![CDATA[Network]]></AV>
                  <AC><![CDATA[Low]]></AC>
                  <PR><![CDATA[None]]></PR>
                  <UI><![CDATA[None]]></UI>
                  <S><![CDATA[Unchanged]]></S>
                  <C><![CDATA[Low]]></C>
                  <I><![CDATA[None]]></I>
                  <A><![CDATA[None]]></A>
                  <E><![CDATA[]]></E>
                  <RL><![CDATA[]]></RL>
                  <RC><![CDATA[]]></RC>
                </CVSS3>
                <References>
                    <Reference>
                      <Database><![CDATA[PHP Runtime Configuration]]></Database>
                      <URL><![CDATA[https://www.php.net/manual/en/errorfunc.configuration.php#ini.display-errors]]></URL>
                    </Reference>
                    <Reference>
                      <Database><![CDATA[Improper Error Handling]]></Database>
                      <URL><![CDATA[https://www.owasp.org/index.php/Improper_Error_Handling]]></URL>
                    </Reference>
                </References>
            </ReportItem>
<ReportItem id="2" color="blue">
                <Name><![CDATA[Clickjacking: X-Frame-Options header missing]]></Name>
                <ModuleName><![CDATA[/Scripts/PerServer/Clickjacking_X_Frame_Options.script]]></ModuleName>
                <Details><![CDATA[]]></Details>
                <Affects><![CDATA[/]]></Affects>
                <Parameter><![CDATA[]]></Parameter>
                <AOP_SourceFile><![CDATA[]]></AOP_SourceFile>
                <AOP_SourceLine></AOP_SourceLine>
                <AOP_Additional><![CDATA[]]></AOP_Additional>
                <IsFalsePositive><![CDATA[]]></IsFalsePositive>
                <Severity><![CDATA[low]]></Severity>
                <Type><![CDATA[abuseoffunctionality]]></Type>
                <Impact><![CDATA[The impact depends on the affected web application.]]></Impact>
                <Description><![CDATA[Clickjacking (User Interface redress attack, UI redress attack, UI redressing) is a malicious technique of tricking a Web user into clicking on something different from what the user perceives they are clicking on, thus potentially revealing confidential information or taking control of their computer while clicking on seemingly innocuous web pages. <br/><br/>
The server didn't return an <strong>X-Frame-Options</strong> header which means that this website could be at risk of a clickjacking attack. The X-Frame-Options HTTP response header can be used to indicate whether or not a browser should be allowed to render a page inside a frame or iframe. Sites can use this to avoid clickjacking attacks, by ensuring that their content is not embedded into other sites.]]></Description>
                <DetailedInformation><![CDATA[]]></DetailedInformation>
                <Recommendation><![CDATA[Configure your web server to include an X-Frame-Options header and a CSP header with frame-ancestors directive. Consult Web references for more information about the possible values for this header.]]></Recommendation>
                <TechnicalDetails>
                    <Request><![CDATA[GET / HTTP/1.1
Accept: text/html,application/xhtml+xml,application/xml;q=0.9,*/*;q=0.8
Accept-Encoding: gzip,deflate
Host: ekemudahan.mod.gov.my
User-Agent: Mozilla/5.0 (Windows NT 10.0; Win64; x64) AppleWebKit/537.36 (KHTML, like Gecko) Chrome/73.0.3683.103 Safari/537.36
Connection: Keep-alive
]]></Request>
                </TechnicalDetails>
                <CWEList>
                    <CWE id="693"><![CDATA[CWE-693]]></CWE>
                </CWEList>
                <CVEList>
                </CVEList>
                <CVSS>
                  <Descriptor><![CDATA[AV:N/AC:M/Au:N/C:N/I:P/A:N]]></Descriptor>
                  <Score><![CDATA[4.3]]></Score>
                  <AV><![CDATA[Network_Accessible]]></AV>
                  <AC><![CDATA[Medium]]></AC>
                  <Au><![CDATA[None]]></Au>
                  <C><![CDATA[None]]></C>
                  <I><![CDATA[Partial]]></I>
                  <A><![CDATA[None]]></A>
                  <E><![CDATA[]]></E>
                  <RL><![CDATA[]]></RL>
                  <RC><![CDATA[]]></RC>
                </CVSS>
                <CVSS3>
                  <Descriptor><![CDATA[CVSS:3.1/AV:N/AC:L/PR:N/UI:N/S:C/C:N/I:L/A:N]]></Descriptor>
                  <Score><![CDATA[5.8]]></Score>
                  <TempScore><![CDATA[]]></TempScore>
                  <EnvScore><![CDATA[]]></EnvScore>
                  <AV><![CDATA[Network]]></AV>
                  <AC><![CDATA[Low]]></AC>
                  <PR><![CDATA[None]]></PR>
                  <UI><![CDATA[None]]></UI>
                  <S><![CDATA[Changed]]></S>
                  <C><![CDATA[None]]></C>
                  <I><![CDATA[Low]]></I>
                  <A><![CDATA[None]]></A>
                  <E><![CDATA[]]></E>
                  <RL><![CDATA[]]></RL>
                  <RC><![CDATA[]]></RC>
                </CVSS3>
                <References>
                    <Reference>
                      <Database><![CDATA[The X-Frame-Options response header]]></Database>
                      <URL><![CDATA[https://developer.mozilla.org/en-US/docs/Web/HTTP/Headers/X-Frame-Options]]></URL>
                    </Reference>
                    <Reference>
                      <Database><![CDATA[Clickjacking]]></Database>
                      <URL><![CDATA[https://en.wikipedia.org/wiki/Clickjacking]]></URL>
                    </Reference>
                    <Reference>
                      <Database><![CDATA[OWASP Clickjacking]]></Database>
                      <URL><![CDATA[https://cheatsheetseries.owasp.org/cheatsheets/Clickjacking_Defense_Cheat_Sheet.html]]></URL>
                    </Reference>
                    <Reference>
                      <Database><![CDATA[Frame Buster Buster]]></Database>
                      <URL><![CDATA[https://stackoverflow.com/questions/958997/frame-buster-buster-buster-code-needed]]></URL>
                    </Reference>
                </References>
            </ReportItem>
<ReportItem id="3" color="blue">
                <Name><![CDATA[HTTP Strict Transport Security (HSTS) not implemented]]></Name>
                <ModuleName><![CDATA[/httpdata/HSTS_not_implemented.js]]></ModuleName>
                <Details><![CDATA[]]></Details>
                <Affects><![CDATA[/4WpMPaBsqG]]></Affects>
                <Parameter><![CDATA[]]></Parameter>
                <AOP_SourceFile><![CDATA[]]></AOP_SourceFile>
                <AOP_SourceLine></AOP_SourceLine>
                <AOP_Additional><![CDATA[]]></AOP_Additional>
                <IsFalsePositive><![CDATA[]]></IsFalsePositive>
                <Severity><![CDATA[low]]></Severity>
                <Type><![CDATA[]]></Type>
                <Impact><![CDATA[HSTS can be used to prevent and/or mitigate some types of man-in-the-middle (MitM) attacks]]></Impact>
                <Description><![CDATA[HTTP Strict Transport Security (HSTS) tells a browser that a web site is only accessable using HTTPS.
        It was detected that your web application doesn't implement HTTP Strict Transport Security (HSTS) as the Strict Transport Security header is missing from the response.]]></Description>
                <DetailedInformation><![CDATA[]]></DetailedInformation>
                <Recommendation><![CDATA[It's recommended to implement HTTP Strict Transport Security (HSTS) into your web application. Consult web references for more information]]></Recommendation>
                <TechnicalDetails>
                    <Request><![CDATA[GET /4WpMPaBsqG HTTP/1.1
Referer: https://ekemudahan.mod.gov.my/
Accept: text/html,application/xhtml+xml,application/xml;q=0.9,*/*;q=0.8
Accept-Encoding: gzip,deflate
Host: ekemudahan.mod.gov.my
User-Agent: Mozilla/5.0 (Windows NT 10.0; Win64; x64) AppleWebKit/537.36 (KHTML, like Gecko) Chrome/73.0.3683.103 Safari/537.36
Connection: Keep-alive
]]></Request>
                </TechnicalDetails>
                <CWEList>
                    <CWE id="16"><![CDATA[CWE-16]]></CWE>
                </CWEList>
                <CVEList>
                </CVEList>
                <CVSS>
                  <Descriptor><![CDATA[AV:N/AC:L/Au:N/C:N/I:N/A:N]]></Descriptor>
                  <Score><![CDATA[0.0]]></Score>
                  <AV><![CDATA[Network_Accessible]]></AV>
                  <AC><![CDATA[Low]]></AC>
                  <Au><![CDATA[None]]></Au>
                  <C><![CDATA[None]]></C>
                  <I><![CDATA[None]]></I>
                  <A><![CDATA[None]]></A>
                  <E><![CDATA[]]></E>
                  <RL><![CDATA[]]></RL>
                  <RC><![CDATA[]]></RC>
                </CVSS>
                <CVSS3>
                  <Descriptor><![CDATA[CVSS:3.1/AV:N/AC:L/PR:N/UI:R/S:C/C:N/I:N/A:N]]></Descriptor>
                  <Score><![CDATA[0.0]]></Score>
                  <TempScore><![CDATA[]]></TempScore>
                  <EnvScore><![CDATA[]]></EnvScore>
                  <AV><![CDATA[Network]]></AV>
                  <AC><![CDATA[Low]]></AC>
                  <PR><![CDATA[None]]></PR>
                  <UI><![CDATA[Required]]></UI>
                  <S><![CDATA[Changed]]></S>
                  <C><![CDATA[None]]></C>
                  <I><![CDATA[None]]></I>
                  <A><![CDATA[None]]></A>
                  <E><![CDATA[]]></E>
                  <RL><![CDATA[]]></RL>
                  <RC><![CDATA[]]></RC>
                </CVSS3>
                <References>
                    <Reference>
                      <Database><![CDATA[hstspreload.org]]></Database>
                      <URL><![CDATA[https://hstspreload.org/]]></URL>
                    </Reference>
                    <Reference>
                      <Database><![CDATA[Strict-Transport-Security]]></Database>
                      <URL><![CDATA[https://developer.mozilla.org/en-US/docs/Web/HTTP/Headers/Strict-Transport-Security]]></URL>
                    </Reference>
                </References>
            </ReportItem>
<ReportItem id="4" color="blue">
                <Name><![CDATA[Login page password-guessing attack]]></Name>
                <ModuleName><![CDATA[/httpdata/html_auth_weak_creds.js]]></ModuleName>
                <Details><![CDATA[]]></Details>
                <Affects><![CDATA[/]]></Affects>
                <Parameter><![CDATA[]]></Parameter>
                <AOP_SourceFile><![CDATA[]]></AOP_SourceFile>
                <AOP_SourceLine></AOP_SourceLine>
                <AOP_Additional><![CDATA[]]></AOP_Additional>
                <IsFalsePositive><![CDATA[]]></IsFalsePositive>
                <Severity><![CDATA[low]]></Severity>
                <Type><![CDATA[abuseoffunctionality]]></Type>
                <Impact><![CDATA[An attacker may attempt to discover a weak password by systematically trying every possible combination of letters, numbers, and symbols until it discovers the one correct combination that works.]]></Impact>
                <Description><![CDATA[A common threat web developers face is a password-guessing attack known as a brute force attack. A brute-force attack is an attempt to discover a password by systematically trying every possible combination of letters, numbers, and symbols until you discover the one correct combination that works. <br/><br/>
This login page doesn't have any protection against password-guessing attacks (brute force attacks). It's recommended to implement some type of account lockout after a defined number of incorrect password attempts. Consult Web references for more information about fixing this problem.]]></Description>
                <DetailedInformation><![CDATA[]]></DetailedInformation>
                <Recommendation><![CDATA[It's recommended to implement some type of account lockout after a defined number of incorrect password attempts.]]></Recommendation>
                <TechnicalDetails>
                    <Request><![CDATA[POST /include/logincheck.php HTTP/1.1
Referer: https://ekemudahan.mod.gov.my/
Content-Type: application/x-www-form-urlencoded
Accept: text/html,application/xhtml+xml,application/xml;q=0.9,*/*;q=0.8
Accept-Encoding: gzip,deflate
Content-Length: 51
Host: ekemudahan.mod.gov.my
User-Agent: Mozilla/5.0 (Windows NT 10.0; Win64; x64) AppleWebKit/537.36 (KHTML, like Gecko) Chrome/73.0.3683.103 Safari/537.36
Connection: Keep-alive
IdLogin=author&amp;KataLaluan=testing&amp;masuk2=Log Masuk&amp;]]></Request>
                </TechnicalDetails>
                <CWEList>
                    <CWE id="307"><![CDATA[CWE-307]]></CWE>
                </CWEList>
                <CVEList>
                </CVEList>
                <CVSS>
                  <Descriptor><![CDATA[AV:N/AC:L/Au:N/C:P/I:N/A:N]]></Descriptor>
                  <Score><![CDATA[5.0]]></Score>
                  <AV><![CDATA[Network_Accessible]]></AV>
                  <AC><![CDATA[Low]]></AC>
                  <Au><![CDATA[None]]></Au>
                  <C><![CDATA[Partial]]></C>
                  <I><![CDATA[None]]></I>
                  <A><![CDATA[None]]></A>
                  <E><![CDATA[]]></E>
                  <RL><![CDATA[]]></RL>
                  <RC><![CDATA[]]></RC>
                </CVSS>
                <CVSS3>
                  <Descriptor><![CDATA[CVSS:3.0/AV:N/AC:L/PR:N/UI:N/S:U/C:N/I:N/A:L]]></Descriptor>
                  <Score><![CDATA[5.3]]></Score>
                  <TempScore><![CDATA[]]></TempScore>
                  <EnvScore><![CDATA[]]></EnvScore>
                  <AV><![CDATA[Network]]></AV>
                  <AC><![CDATA[Low]]></AC>
                  <PR><![CDATA[None]]></PR>
                  <UI><![CDATA[None]]></UI>
                  <S><![CDATA[Unchanged]]></S>
                  <C><![CDATA[None]]></C>
                  <I><![CDATA[None]]></I>
                  <A><![CDATA[Low]]></A>
                  <E><![CDATA[]]></E>
                  <RL><![CDATA[]]></RL>
                  <RC><![CDATA[]]></RC>
                </CVSS3>
                <References>
                    <Reference>
                      <Database><![CDATA[Blocking Brute Force Attacks]]></Database>
                      <URL><![CDATA[https://www.owasp.org/index.php/Blocking_Brute_Force_Attacks]]></URL>
                    </Reference>
                </References>
            </ReportItem>
<ReportItem id="5" color="blue">
                <Name><![CDATA[Possible relative path overwrite]]></Name>
                <ModuleName><![CDATA[/Scripts/PerFile/Relative_Path_Overwrite.script]]></ModuleName>
                <Details><![CDATA[A CSS import from a relative path was found on this page: <pre>&lt;link rel=&quot;stylesheet&quot; href=&quot;css/layout.css&quot; type=&quot;text/css&quot; /&gt;</pre> The same relative CSS import is present even when a random string was placed after the filename. Also, the response is frameable.]]></Details>
                <Affects><![CDATA[/daftarpengguna.php]]></Affects>
                <Parameter><![CDATA[]]></Parameter>
                <AOP_SourceFile><![CDATA[]]></AOP_SourceFile>
                <AOP_SourceLine></AOP_SourceLine>
                <AOP_Additional><![CDATA[]]></AOP_Additional>
                <IsFalsePositive><![CDATA[]]></IsFalsePositive>
                <Severity><![CDATA[low]]></Severity>
                <Type><![CDATA[abuseoffunctionality]]></Type>
                <Impact><![CDATA[On older versions of Internet Explorer it's possible to execute arbitrary JavaScript code using Internet Explorer's expression() function. An attacker can also extract the page source and potentially steal CSRF tokens using CSS selectors.]]></Impact>
                <Description><![CDATA[<div class="bb-coolbox"><span class="bb-dark">Manual confirmation is required for this alert.</span></div><br/>
Gareth Heyes introduced a technique to take advantage of CSS imports with relative URLs by overwriting their target file. This technique can be used by an attacker to trick browsers into importing HTML pages as CSS stylesheets. If the attacker can control a part of the imported HTML pages he can abuse this issue to inject arbitrary CSS rules.]]></Description>
                <DetailedInformation><![CDATA[]]></DetailedInformation>
                <Recommendation><![CDATA[If possible, it's recommended to use absolute links for CSS imports. The problem can be partially mitigated by preventing framing. To prevent framing configure your web server to include an  X-Frame-Options: deny header on all pages.]]></Recommendation>
                <TechnicalDetails>
                    <Request><![CDATA[GET /daftarpengguna.php/hEwTk/ HTTP/1.1
Cookie: PHPSESSID=fl7fkincbp395un4e2032i15a5;BNES_PHPSESSID=hJeTesaPLVKIIoteT0R0Z4Sv418wImoMBsqZYsJgJtuC50b/wft6IBd8cOHsgTurL2/YoVnK9tYxuGDIZDYGxToGu5dihku8mQQaP0P3++Q=
Accept: text/html,application/xhtml+xml,application/xml;q=0.9,*/*;q=0.8
Accept-Encoding: gzip,deflate
Host: ekemudahan.mod.gov.my
User-Agent: Mozilla/5.0 (Windows NT 10.0; Win64; x64) AppleWebKit/537.36 (KHTML, like Gecko) Chrome/73.0.3683.103 Safari/537.36
Connection: Keep-alive
]]></Request>
                </TechnicalDetails>
                <CWEList>
                    <CWE id="20"><![CDATA[CWE-20]]></CWE>
                </CWEList>
                <CVEList>
                </CVEList>
                <CVSS>
                  <Descriptor><![CDATA[AV:N/AC:L/Au:N/C:N/I:N/A:N]]></Descriptor>
                  <Score><![CDATA[0.0]]></Score>
                  <AV><![CDATA[Network_Accessible]]></AV>
                  <AC><![CDATA[Low]]></AC>
                  <Au><![CDATA[None]]></Au>
                  <C><![CDATA[None]]></C>
                  <I><![CDATA[None]]></I>
                  <A><![CDATA[None]]></A>
                  <E><![CDATA[]]></E>
                  <RL><![CDATA[]]></RL>
                  <RC><![CDATA[]]></RC>
                </CVSS>
                <CVSS3>
                  <Descriptor><![CDATA[CVSS:3.1/AV:N/AC:L/PR:N/UI:R/S:C/C:N/I:N/A:N]]></Descriptor>
                  <Score><![CDATA[0.0]]></Score>
                  <TempScore><![CDATA[]]></TempScore>
                  <EnvScore><![CDATA[]]></EnvScore>
                  <AV><![CDATA[Network]]></AV>
                  <AC><![CDATA[Low]]></AC>
                  <PR><![CDATA[None]]></PR>
                  <UI><![CDATA[Required]]></UI>
                  <S><![CDATA[Changed]]></S>
                  <C><![CDATA[None]]></C>
                  <I><![CDATA[None]]></I>
                  <A><![CDATA[None]]></A>
                  <E><![CDATA[]]></E>
                  <RL><![CDATA[]]></RL>
                  <RC><![CDATA[]]></RC>
                </CVSS3>
                <References>
                    <Reference>
                      <Database><![CDATA[Relative Path Overwrite]]></Database>
                      <URL><![CDATA[http://www.thespanner.co.uk/2014/03/21/rpo/]]></URL>
                    </Reference>
                </References>
            </ReportItem>
<ReportItem id="6" color="blue">
                <Name><![CDATA[Possible relative path overwrite]]></Name>
                <ModuleName><![CDATA[/Scripts/PerFile/Relative_Path_Overwrite.script]]></ModuleName>
                <Details><![CDATA[A CSS import from a relative path was found on this page: <pre>&lt;link rel=&quot;stylesheet&quot; href=&quot;css/layout.css&quot; type=&quot;text/css&quot; /&gt;</pre> The same relative CSS import is present even when a random string was placed after the filename. Also, the response is frameable.]]></Details>
                <Affects><![CDATA[/index.php]]></Affects>
                <Parameter><![CDATA[]]></Parameter>
                <AOP_SourceFile><![CDATA[]]></AOP_SourceFile>
                <AOP_SourceLine></AOP_SourceLine>
                <AOP_Additional><![CDATA[]]></AOP_Additional>
                <IsFalsePositive><![CDATA[]]></IsFalsePositive>
                <Severity><![CDATA[low]]></Severity>
                <Type><![CDATA[abuseoffunctionality]]></Type>
                <Impact><![CDATA[On older versions of Internet Explorer it's possible to execute arbitrary JavaScript code using Internet Explorer's expression() function. An attacker can also extract the page source and potentially steal CSRF tokens using CSS selectors.]]></Impact>
                <Description><![CDATA[<div class="bb-coolbox"><span class="bb-dark">Manual confirmation is required for this alert.</span></div><br/>
Gareth Heyes introduced a technique to take advantage of CSS imports with relative URLs by overwriting their target file. This technique can be used by an attacker to trick browsers into importing HTML pages as CSS stylesheets. If the attacker can control a part of the imported HTML pages he can abuse this issue to inject arbitrary CSS rules.]]></Description>
                <DetailedInformation><![CDATA[]]></DetailedInformation>
                <Recommendation><![CDATA[If possible, it's recommended to use absolute links for CSS imports. The problem can be partially mitigated by preventing framing. To prevent framing configure your web server to include an  X-Frame-Options: deny header on all pages.]]></Recommendation>
                <TechnicalDetails>
                    <Request><![CDATA[GET /index.php/tjCNH/ HTTP/1.1
Cookie: PHPSESSID=fl7fkincbp395un4e2032i15a5;BNES_PHPSESSID=hJeTesaPLVKIIoteT0R0Z4Sv418wImoMBsqZYsJgJtuC50b/wft6IBd8cOHsgTurL2/YoVnK9tYxuGDIZDYGxToGu5dihku8mQQaP0P3++Q=
Accept: text/html,application/xhtml+xml,application/xml;q=0.9,*/*;q=0.8
Accept-Encoding: gzip,deflate
Host: ekemudahan.mod.gov.my
User-Agent: Mozilla/5.0 (Windows NT 10.0; Win64; x64) AppleWebKit/537.36 (KHTML, like Gecko) Chrome/73.0.3683.103 Safari/537.36
Connection: Keep-alive
]]></Request>
                </TechnicalDetails>
                <CWEList>
                    <CWE id="20"><![CDATA[CWE-20]]></CWE>
                </CWEList>
                <CVEList>
                </CVEList>
                <CVSS>
                  <Descriptor><![CDATA[AV:N/AC:L/Au:N/C:N/I:N/A:N]]></Descriptor>
                  <Score><![CDATA[0.0]]></Score>
                  <AV><![CDATA[Network_Accessible]]></AV>
                  <AC><![CDATA[Low]]></AC>
                  <Au><![CDATA[None]]></Au>
                  <C><![CDATA[None]]></C>
                  <I><![CDATA[None]]></I>
                  <A><![CDATA[None]]></A>
                  <E><![CDATA[]]></E>
                  <RL><![CDATA[]]></RL>
                  <RC><![CDATA[]]></RC>
                </CVSS>
                <CVSS3>
                  <Descriptor><![CDATA[CVSS:3.1/AV:N/AC:L/PR:N/UI:R/S:C/C:N/I:N/A:N]]></Descriptor>
                  <Score><![CDATA[0.0]]></Score>
                  <TempScore><![CDATA[]]></TempScore>
                  <EnvScore><![CDATA[]]></EnvScore>
                  <AV><![CDATA[Network]]></AV>
                  <AC><![CDATA[Low]]></AC>
                  <PR><![CDATA[None]]></PR>
                  <UI><![CDATA[Required]]></UI>
                  <S><![CDATA[Changed]]></S>
                  <C><![CDATA[None]]></C>
                  <I><![CDATA[None]]></I>
                  <A><![CDATA[None]]></A>
                  <E><![CDATA[]]></E>
                  <RL><![CDATA[]]></RL>
                  <RC><![CDATA[]]></RC>
                </CVSS3>
                <References>
                    <Reference>
                      <Database><![CDATA[Relative Path Overwrite]]></Database>
                      <URL><![CDATA[http://www.thespanner.co.uk/2014/03/21/rpo/]]></URL>
                    </Reference>
                </References>
            </ReportItem>
<ReportItem id="7" color="blue">
                <Name><![CDATA[Possible relative path overwrite]]></Name>
                <ModuleName><![CDATA[/Scripts/PerFile/Relative_Path_Overwrite.script]]></ModuleName>
                <Details><![CDATA[A CSS import from a relative path was found on this page: <pre>&lt;link rel=&quot;stylesheet&quot; href=&quot;css/layout.css&quot; type=&quot;text/css&quot; /&gt;</pre> The same relative CSS import is present even when a random string was placed after the filename. Also, the response is frameable.]]></Details>
                <Affects><![CDATA[/resetkatalaluan.php]]></Affects>
                <Parameter><![CDATA[]]></Parameter>
                <AOP_SourceFile><![CDATA[]]></AOP_SourceFile>
                <AOP_SourceLine></AOP_SourceLine>
                <AOP_Additional><![CDATA[]]></AOP_Additional>
                <IsFalsePositive><![CDATA[]]></IsFalsePositive>
                <Severity><![CDATA[low]]></Severity>
                <Type><![CDATA[abuseoffunctionality]]></Type>
                <Impact><![CDATA[On older versions of Internet Explorer it's possible to execute arbitrary JavaScript code using Internet Explorer's expression() function. An attacker can also extract the page source and potentially steal CSRF tokens using CSS selectors.]]></Impact>
                <Description><![CDATA[<div class="bb-coolbox"><span class="bb-dark">Manual confirmation is required for this alert.</span></div><br/>
Gareth Heyes introduced a technique to take advantage of CSS imports with relative URLs by overwriting their target file. This technique can be used by an attacker to trick browsers into importing HTML pages as CSS stylesheets. If the attacker can control a part of the imported HTML pages he can abuse this issue to inject arbitrary CSS rules.]]></Description>
                <DetailedInformation><![CDATA[]]></DetailedInformation>
                <Recommendation><![CDATA[If possible, it's recommended to use absolute links for CSS imports. The problem can be partially mitigated by preventing framing. To prevent framing configure your web server to include an  X-Frame-Options: deny header on all pages.]]></Recommendation>
                <TechnicalDetails>
                    <Request><![CDATA[GET /resetkatalaluan.php/2wXmd/ HTTP/1.1
Cookie: PHPSESSID=fl7fkincbp395un4e2032i15a5;BNES_PHPSESSID=hJeTesaPLVKIIoteT0R0Z4Sv418wImoMBsqZYsJgJtuC50b/wft6IBd8cOHsgTurL2/YoVnK9tYxuGDIZDYGxToGu5dihku8mQQaP0P3++Q=
Accept: text/html,application/xhtml+xml,application/xml;q=0.9,*/*;q=0.8
Accept-Encoding: gzip,deflate
Host: ekemudahan.mod.gov.my
User-Agent: Mozilla/5.0 (Windows NT 10.0; Win64; x64) AppleWebKit/537.36 (KHTML, like Gecko) Chrome/73.0.3683.103 Safari/537.36
Connection: Keep-alive
]]></Request>
                </TechnicalDetails>
                <CWEList>
                    <CWE id="20"><![CDATA[CWE-20]]></CWE>
                </CWEList>
                <CVEList>
                </CVEList>
                <CVSS>
                  <Descriptor><![CDATA[AV:N/AC:L/Au:N/C:N/I:N/A:N]]></Descriptor>
                  <Score><![CDATA[0.0]]></Score>
                  <AV><![CDATA[Network_Accessible]]></AV>
                  <AC><![CDATA[Low]]></AC>
                  <Au><![CDATA[None]]></Au>
                  <C><![CDATA[None]]></C>
                  <I><![CDATA[None]]></I>
                  <A><![CDATA[None]]></A>
                  <E><![CDATA[]]></E>
                  <RL><![CDATA[]]></RL>
                  <RC><![CDATA[]]></RC>
                </CVSS>
                <CVSS3>
                  <Descriptor><![CDATA[CVSS:3.1/AV:N/AC:L/PR:N/UI:R/S:C/C:N/I:N/A:N]]></Descriptor>
                  <Score><![CDATA[0.0]]></Score>
                  <TempScore><![CDATA[]]></TempScore>
                  <EnvScore><![CDATA[]]></EnvScore>
                  <AV><![CDATA[Network]]></AV>
                  <AC><![CDATA[Low]]></AC>
                  <PR><![CDATA[None]]></PR>
                  <UI><![CDATA[Required]]></UI>
                  <S><![CDATA[Changed]]></S>
                  <C><![CDATA[None]]></C>
                  <I><![CDATA[None]]></I>
                  <A><![CDATA[None]]></A>
                  <E><![CDATA[]]></E>
                  <RL><![CDATA[]]></RL>
                  <RC><![CDATA[]]></RC>
                </CVSS3>
                <References>
                    <Reference>
                      <Database><![CDATA[Relative Path Overwrite]]></Database>
                      <URL><![CDATA[http://www.thespanner.co.uk/2014/03/21/rpo/]]></URL>
                    </Reference>
                </References>
            </ReportItem>
<ReportItem id="8" color="blue">
                <Name><![CDATA[Possible sensitive files]]></Name>
                <ModuleName><![CDATA[/Scripts/PerFolder/Possible_Sensitive_Files.script]]></ModuleName>
                <Details><![CDATA[<br/>
]]></Details>
                <Affects><![CDATA[/test.php]]></Affects>
                <Parameter><![CDATA[]]></Parameter>
                <AOP_SourceFile><![CDATA[]]></AOP_SourceFile>
                <AOP_SourceLine></AOP_SourceLine>
                <AOP_Additional><![CDATA[]]></AOP_Additional>
                <IsFalsePositive><![CDATA[]]></IsFalsePositive>
                <Severity><![CDATA[low]]></Severity>
                <Type><![CDATA[informationdisclosure]]></Type>
                <Impact><![CDATA[This file may expose sensitive information that could help a malicious user to prepare more advanced attacks.]]></Impact>
                <Description><![CDATA[A possible sensitive file has been found. This file is not directly linked from the website. This check looks for common sensitive resources like password files, configuration files, log files, include files, statistics data, database dumps. Each one of these files could help an attacker to learn more about his target.]]></Description>
                <DetailedInformation><![CDATA[]]></DetailedInformation>
                <Recommendation><![CDATA[Restrict access to this file or remove it from the website.]]></Recommendation>
                <TechnicalDetails>
                    <Request><![CDATA[GET /test.php HTTP/1.1
Accept: acunetix/wvs
Accept-Encoding: gzip,deflate
Host: ekemudahan.mod.gov.my
User-Agent: Mozilla/5.0 (Windows NT 10.0; Win64; x64) AppleWebKit/537.36 (KHTML, like Gecko) Chrome/73.0.3683.103 Safari/537.36
Connection: Keep-alive
]]></Request>
                </TechnicalDetails>
                <CWEList>
                    <CWE id="200"><![CDATA[CWE-200]]></CWE>
                </CWEList>
                <CVEList>
                </CVEList>
                <CVSS>
                  <Descriptor><![CDATA[AV:N/AC:L/Au:N/C:P/I:N/A:N]]></Descriptor>
                  <Score><![CDATA[5.0]]></Score>
                  <AV><![CDATA[Network_Accessible]]></AV>
                  <AC><![CDATA[Low]]></AC>
                  <Au><![CDATA[None]]></Au>
                  <C><![CDATA[Partial]]></C>
                  <I><![CDATA[None]]></I>
                  <A><![CDATA[None]]></A>
                  <E><![CDATA[]]></E>
                  <RL><![CDATA[]]></RL>
                  <RC><![CDATA[]]></RC>
                </CVSS>
                <CVSS3>
                  <Descriptor><![CDATA[CVSS:3.0/AV:N/AC:L/PR:N/UI:N/S:U/C:H/I:N/A:N]]></Descriptor>
                  <Score><![CDATA[7.5]]></Score>
                  <TempScore><![CDATA[]]></TempScore>
                  <EnvScore><![CDATA[]]></EnvScore>
                  <AV><![CDATA[Network]]></AV>
                  <AC><![CDATA[Low]]></AC>
                  <PR><![CDATA[None]]></PR>
                  <UI><![CDATA[None]]></UI>
                  <S><![CDATA[Unchanged]]></S>
                  <C><![CDATA[High]]></C>
                  <I><![CDATA[None]]></I>
                  <A><![CDATA[None]]></A>
                  <E><![CDATA[]]></E>
                  <RL><![CDATA[]]></RL>
                  <RC><![CDATA[]]></RC>
                </CVSS3>
                <References>
                    <Reference>
                      <Database><![CDATA[Web Server Security and Database Server Security]]></Database>
                      <URL><![CDATA[https://www.acunetix.com/websitesecurity/webserver-security/]]></URL>
                    </Reference>
                </References>
            </ReportItem>
<ReportItem id="9" color="green">
                <Name><![CDATA[Content Security Policy (CSP) not implemented]]></Name>
                <ModuleName><![CDATA[/httpdata/CSP_not_implemented.js]]></ModuleName>
                <Details><![CDATA[]]></Details>
                <Affects><![CDATA[/]]></Affects>
                <Parameter><![CDATA[]]></Parameter>
                <AOP_SourceFile><![CDATA[]]></AOP_SourceFile>
                <AOP_SourceLine></AOP_SourceLine>
                <AOP_Additional><![CDATA[]]></AOP_Additional>
                <IsFalsePositive><![CDATA[]]></IsFalsePositive>
                <Severity><![CDATA[informational]]></Severity>
                <Type><![CDATA[configuration]]></Type>
                <Impact><![CDATA[CSP can be used to prevent and/or mitigate attacks that involve content/code injection, such as cross-site scripting/XSS attacks, attacks that require embedding a malicious resource, attacks that involve malicious use of iframes, such as clickjacking attacks, and others.]]></Impact>
                <Description><![CDATA[Content Security Policy (CSP) is an added layer of security that helps to detect and mitigate certain types of attacks, including Cross Site Scripting (XSS) and data injection attacks. <br/><br/>
Content Security Policy (CSP) can be implemented by adding a <strong>Content-Security-Policy</strong> header. The value of this header is a string containing the policy directives describing your Content Security Policy. To implement CSP, you should define lists of allowed origins for the all of the types of resources that your site utilizes. For example, if you have a simple site that needs to load scripts, stylesheets, and images hosted locally, as well as from the jQuery library from their CDN, the CSP header could look like the following:
<pre><code>
Content-Security-Policy:
    default-src 'self';
    script-src 'self' https://code.jquery.com;
</code></pre>
<br/><br/>
It was detected that your web application doesn't implement Content Security Policy (CSP) as the CSP header is missing from the response. It's recommended to implement Content Security Policy (CSP) into your web application.]]></Description>
                <DetailedInformation><![CDATA[]]></DetailedInformation>
                <Recommendation><![CDATA[It's recommended to implement Content Security Policy (CSP) into your web application. Configuring Content Security Policy involves adding the <strong>Content-Security-Policy</strong> HTTP header to a web page and giving it values to control resources the user agent is allowed to load for that page.]]></Recommendation>
                <TechnicalDetails>
                    <Request><![CDATA[GET / HTTP/1.1
Referer: https://ekemudahan.mod.gov.my/
Accept: text/html,application/xhtml+xml,application/xml;q=0.9,*/*;q=0.8
Accept-Encoding: gzip,deflate
Host: ekemudahan.mod.gov.my
User-Agent: Mozilla/5.0 (Windows NT 10.0; Win64; x64) AppleWebKit/537.36 (KHTML, like Gecko) Chrome/73.0.3683.103 Safari/537.36
Connection: Keep-alive
]]></Request>
                </TechnicalDetails>
                <CWEList>
                    <CWE id="16"><![CDATA[CWE-16]]></CWE>
                </CWEList>
                <CVEList>
                </CVEList>
                <CVSS>
                  <Descriptor><![CDATA[AV:N/AC:L/Au:N/C:N/I:N/A:N]]></Descriptor>
                  <Score><![CDATA[0.0]]></Score>
                  <AV><![CDATA[Network_Accessible]]></AV>
                  <AC><![CDATA[Low]]></AC>
                  <Au><![CDATA[None]]></Au>
                  <C><![CDATA[None]]></C>
                  <I><![CDATA[None]]></I>
                  <A><![CDATA[None]]></A>
                  <E><![CDATA[]]></E>
                  <RL><![CDATA[]]></RL>
                  <RC><![CDATA[]]></RC>
                </CVSS>
                <CVSS3>
                  <Descriptor><![CDATA[CVSS:3.1/AV:N/AC:L/PR:N/UI:R/S:C/C:N/I:N/A:N]]></Descriptor>
                  <Score><![CDATA[0.0]]></Score>
                  <TempScore><![CDATA[]]></TempScore>
                  <EnvScore><![CDATA[]]></EnvScore>
                  <AV><![CDATA[Network]]></AV>
                  <AC><![CDATA[Low]]></AC>
                  <PR><![CDATA[None]]></PR>
                  <UI><![CDATA[Required]]></UI>
                  <S><![CDATA[Changed]]></S>
                  <C><![CDATA[None]]></C>
                  <I><![CDATA[None]]></I>
                  <A><![CDATA[None]]></A>
                  <E><![CDATA[]]></E>
                  <RL><![CDATA[]]></RL>
                  <RC><![CDATA[]]></RC>
                </CVSS3>
                <References>
                    <Reference>
                      <Database><![CDATA[Content Security Policy (CSP)]]></Database>
                      <URL><![CDATA[https://developer.mozilla.org/en-US/docs/Web/HTTP/CSP]]></URL>
                    </Reference>
                    <Reference>
                      <Database><![CDATA[Implementing Content Security Policy]]></Database>
                      <URL><![CDATA[https://hacks.mozilla.org/2016/02/implementing-content-security-policy/]]></URL>
                    </Reference>
                </References>
            </ReportItem>
<ReportItem id="10" color="green">
                <Name><![CDATA[Error page web server version disclosure]]></Name>
                <ModuleName><![CDATA[/Scripts/PerServer/Error_Page_Path_Disclosure.script]]></ModuleName>
                <Details><![CDATA[]]></Details>
                <Affects><![CDATA[/]]></Affects>
                <Parameter><![CDATA[]]></Parameter>
                <AOP_SourceFile><![CDATA[]]></AOP_SourceFile>
                <AOP_SourceLine></AOP_SourceLine>
                <AOP_Additional><![CDATA[]]></AOP_Additional>
                <IsFalsePositive><![CDATA[]]></IsFalsePositive>
                <Severity><![CDATA[informational]]></Severity>
                <Type><![CDATA[configuration]]></Type>
                <Impact><![CDATA[Error messages information about an application's internal workings may be used to escalate attacks.]]></Impact>
                <Description><![CDATA[Application errors or warning messages may disclose sensitive information about an application's internal workings to an attacker.<br/><br/>
Acunetix found the web server version number and a list of modules enabled on the target server. Consult the 'Attack details' section for more information about the affected page.]]></Description>
                <DetailedInformation><![CDATA[]]></DetailedInformation>
                <Recommendation><![CDATA[Properly configure the web server not to disclose information about an application's internal workings to the user. Consult the 'Web references' section for more information.]]></Recommendation>
                <TechnicalDetails>
                    <Request><![CDATA[GET /4WpMPaBsqG HTTP/1.1
Accept: text/html,application/xhtml+xml,application/xml;q=0.9,*/*;q=0.8
Accept-Encoding: gzip,deflate
Host: ekemudahan.mod.gov.my
User-Agent: Mozilla/5.0 (Windows NT 10.0; Win64; x64) AppleWebKit/537.36 (KHTML, like Gecko) Chrome/73.0.3683.103 Safari/537.36
Connection: Keep-alive
]]></Request>
                </TechnicalDetails>
                <CWEList>
                    <CWE id="200"><![CDATA[CWE-200]]></CWE>
                </CWEList>
                <CVEList>
                </CVEList>
                <CVSS>
                  <Descriptor><![CDATA[AV:N/AC:L/Au:N/C:P/I:N/A:N]]></Descriptor>
                  <Score><![CDATA[5.0]]></Score>
                  <AV><![CDATA[Network_Accessible]]></AV>
                  <AC><![CDATA[Low]]></AC>
                  <Au><![CDATA[None]]></Au>
                  <C><![CDATA[Partial]]></C>
                  <I><![CDATA[None]]></I>
                  <A><![CDATA[None]]></A>
                  <E><![CDATA[]]></E>
                  <RL><![CDATA[]]></RL>
                  <RC><![CDATA[]]></RC>
                </CVSS>
                <CVSS3>
                  <Descriptor><![CDATA[CVSS:3.0/AV:N/AC:L/PR:N/UI:N/S:U/C:N/I:N/A:N]]></Descriptor>
                  <Score><![CDATA[0.0]]></Score>
                  <TempScore><![CDATA[]]></TempScore>
                  <EnvScore><![CDATA[]]></EnvScore>
                  <AV><![CDATA[Network]]></AV>
                  <AC><![CDATA[Low]]></AC>
                  <PR><![CDATA[None]]></PR>
                  <UI><![CDATA[None]]></UI>
                  <S><![CDATA[Unchanged]]></S>
                  <C><![CDATA[None]]></C>
                  <I><![CDATA[None]]></I>
                  <A><![CDATA[None]]></A>
                  <E><![CDATA[]]></E>
                  <RL><![CDATA[]]></RL>
                  <RC><![CDATA[]]></RC>
                </CVSS3>
                <References>
                    <Reference>
                      <Database><![CDATA[Custom Error Responses (Apache HTTP Server)]]></Database>
                      <URL><![CDATA[https://httpd.apache.org/docs/current/custom-error.html]]></URL>
                    </Reference>
                    <Reference>
                      <Database><![CDATA[server_tokens (Nginx)]]></Database>
                      <URL><![CDATA[http://nginx.org/en/docs/http/ngx_http_core_module.html#server_tokens]]></URL>
                    </Reference>
                    <Reference>
                      <Database><![CDATA[Remove Unwanted HTTP Response Headers (Microsoft IIS)]]></Database>
                      <URL><![CDATA[https://blogs.msdn.microsoft.com/varunm/2013/04/23/remove-unwanted-http-response-headers/]]></URL>
                    </Reference>
                </References>
            </ReportItem>
<ReportItem id="11" color="green">
                <Name><![CDATA[Password type input with auto-complete enabled]]></Name>
                <ModuleName><![CDATA[/Crawler/12-Crawler_Password_Input_Autocomplete.js]]></ModuleName>
                <Details><![CDATA[Form name: &lt;empty&gt; <br/>Form action: include/logincheck.php <br/>Form method: POST <br/><br/>Form input: <br/><ul><li> KataLaluan [password]</li></ul>]]></Details>
                <Affects><![CDATA[/]]></Affects>
                <Parameter><![CDATA[<empty>]]></Parameter>
                <AOP_SourceFile><![CDATA[]]></AOP_SourceFile>
                <AOP_SourceLine></AOP_SourceLine>
                <AOP_Additional><![CDATA[]]></AOP_Additional>
                <IsFalsePositive><![CDATA[]]></IsFalsePositive>
                <Severity><![CDATA[informational]]></Severity>
                <Type><![CDATA[informationdisclosure]]></Type>
                <Impact><![CDATA[Possible sensitive information disclosure.]]></Impact>
                <Description><![CDATA[When a new name and password is entered in a form and the form is submitted, the browser asks if the password should be saved.Thereafter when the form is displayed, the name and password are filled in automatically or are completed as the name is entered. An attacker with local access could obtain the cleartext password from the browser cache.]]></Description>
                <DetailedInformation><![CDATA[]]></DetailedInformation>
                <Recommendation><![CDATA[The password auto-complete should be disabled in sensitive applications. <br/>To disable auto-complete, you may use a code similar to: <pre><code>&lt;INPUT TYPE=&quot;password&quot; AUTOCOMPLETE=&quot;off&quot;&gt;</code></pre>]]></Recommendation>
                <TechnicalDetails>
                    <Request><![CDATA[GET / HTTP/1.1
Referer: https://ekemudahan.mod.gov.my/
Accept: text/html,application/xhtml+xml,application/xml;q=0.9,*/*;q=0.8
Accept-Encoding: gzip,deflate
Host: ekemudahan.mod.gov.my
User-Agent: Mozilla/5.0 (Windows NT 10.0; Win64; x64) AppleWebKit/537.36 (KHTML, like Gecko) Chrome/73.0.3683.103 Safari/537.36
Connection: Keep-alive
]]></Request>
                </TechnicalDetails>
                <CWEList>
                    <CWE id="200"><![CDATA[CWE-200]]></CWE>
                </CWEList>
                <CVEList>
                </CVEList>
                <CVSS>
                  <Descriptor><![CDATA[AV:N/AC:L/Au:N/C:N/I:N/A:N]]></Descriptor>
                  <Score><![CDATA[0.0]]></Score>
                  <AV><![CDATA[Network_Accessible]]></AV>
                  <AC><![CDATA[Low]]></AC>
                  <Au><![CDATA[None]]></Au>
                  <C><![CDATA[None]]></C>
                  <I><![CDATA[None]]></I>
                  <A><![CDATA[None]]></A>
                  <E><![CDATA[]]></E>
                  <RL><![CDATA[]]></RL>
                  <RC><![CDATA[]]></RC>
                </CVSS>
                <CVSS3>
                  <Descriptor><![CDATA[CVSS:3.0/AV:N/AC:L/PR:N/UI:N/S:U/C:H/I:N/A:N]]></Descriptor>
                  <Score><![CDATA[7.5]]></Score>
                  <TempScore><![CDATA[]]></TempScore>
                  <EnvScore><![CDATA[]]></EnvScore>
                  <AV><![CDATA[Network]]></AV>
                  <AC><![CDATA[Low]]></AC>
                  <PR><![CDATA[None]]></PR>
                  <UI><![CDATA[None]]></UI>
                  <S><![CDATA[Unchanged]]></S>
                  <C><![CDATA[High]]></C>
                  <I><![CDATA[None]]></I>
                  <A><![CDATA[None]]></A>
                  <E><![CDATA[]]></E>
                  <RL><![CDATA[]]></RL>
                  <RC><![CDATA[]]></RC>
                </CVSS3>
                <References>
                </References>
            </ReportItem>
<ReportItem id="12" color="green">
                <Name><![CDATA[Password type input with auto-complete enabled]]></Name>
                <ModuleName><![CDATA[/Crawler/12-Crawler_Password_Input_Autocomplete.js]]></ModuleName>
                <Details><![CDATA[Form name: daftarpengguna <br/>Form action: daftarpengguna_exe.php <br/>Form method: POST <br/><br/>Form input: <br/><ul><li> KataLaluan [password]</li></ul>]]></Details>
                <Affects><![CDATA[/]]></Affects>
                <Parameter><![CDATA[daftarpengguna]]></Parameter>
                <AOP_SourceFile><![CDATA[]]></AOP_SourceFile>
                <AOP_SourceLine></AOP_SourceLine>
                <AOP_Additional><![CDATA[]]></AOP_Additional>
                <IsFalsePositive><![CDATA[]]></IsFalsePositive>
                <Severity><![CDATA[informational]]></Severity>
                <Type><![CDATA[informationdisclosure]]></Type>
                <Impact><![CDATA[Possible sensitive information disclosure.]]></Impact>
                <Description><![CDATA[When a new name and password is entered in a form and the form is submitted, the browser asks if the password should be saved.Thereafter when the form is displayed, the name and password are filled in automatically or are completed as the name is entered. An attacker with local access could obtain the cleartext password from the browser cache.]]></Description>
                <DetailedInformation><![CDATA[]]></DetailedInformation>
                <Recommendation><![CDATA[The password auto-complete should be disabled in sensitive applications. <br/>To disable auto-complete, you may use a code similar to: <pre><code>&lt;INPUT TYPE=&quot;password&quot; AUTOCOMPLETE=&quot;off&quot;&gt;</code></pre>]]></Recommendation>
                <TechnicalDetails>
                    <Request><![CDATA[GET /daftarpengguna.php HTTP/1.1
Referer: https://ekemudahan.mod.gov.my/
Cookie: PHPSESSID=fl7fkincbp395un4e2032i15a5;BNES_PHPSESSID=hJeTesaPLVKIIoteT0R0Z4Sv418wImoMBsqZYsJgJtuC50b/wft6IBd8cOHsgTurL2/YoVnK9tYxuGDIZDYGxToGu5dihku8mQQaP0P3++Q=
Accept: text/html,application/xhtml+xml,application/xml;q=0.9,*/*;q=0.8
Accept-Encoding: gzip,deflate
Host: ekemudahan.mod.gov.my
User-Agent: Mozilla/5.0 (Windows NT 10.0; Win64; x64) AppleWebKit/537.36 (KHTML, like Gecko) Chrome/73.0.3683.103 Safari/537.36
Connection: Keep-alive
]]></Request>
                </TechnicalDetails>
                <CWEList>
                    <CWE id="200"><![CDATA[CWE-200]]></CWE>
                </CWEList>
                <CVEList>
                </CVEList>
                <CVSS>
                  <Descriptor><![CDATA[AV:N/AC:L/Au:N/C:N/I:N/A:N]]></Descriptor>
                  <Score><![CDATA[0.0]]></Score>
                  <AV><![CDATA[Network_Accessible]]></AV>
                  <AC><![CDATA[Low]]></AC>
                  <Au><![CDATA[None]]></Au>
                  <C><![CDATA[None]]></C>
                  <I><![CDATA[None]]></I>
                  <A><![CDATA[None]]></A>
                  <E><![CDATA[]]></E>
                  <RL><![CDATA[]]></RL>
                  <RC><![CDATA[]]></RC>
                </CVSS>
                <CVSS3>
                  <Descriptor><![CDATA[CVSS:3.0/AV:N/AC:L/PR:N/UI:N/S:U/C:H/I:N/A:N]]></Descriptor>
                  <Score><![CDATA[7.5]]></Score>
                  <TempScore><![CDATA[]]></TempScore>
                  <EnvScore><![CDATA[]]></EnvScore>
                  <AV><![CDATA[Network]]></AV>
                  <AC><![CDATA[Low]]></AC>
                  <PR><![CDATA[None]]></PR>
                  <UI><![CDATA[None]]></UI>
                  <S><![CDATA[Unchanged]]></S>
                  <C><![CDATA[High]]></C>
                  <I><![CDATA[None]]></I>
                  <A><![CDATA[None]]></A>
                  <E><![CDATA[]]></E>
                  <RL><![CDATA[]]></RL>
                  <RC><![CDATA[]]></RC>
                </CVSS3>
                <References>
                </References>
            </ReportItem>
        </ReportItems>
    </Scan>
</ScanGroup>
