<?xml version="1.0"?>
<ScanGroup ExportedOn="11/08/2020, 08:38:55">
<Scan>
        <Name><![CDATA[scan_name]]></Name>
        <ShortName><![CDATA[scan_short_name]]></ShortName>
        <StartURL><![CDATA[tadbir.airforce.mil.my]]></StartURL>
        <StartTime><![CDATA[03/08/2020, 23:52:13]]></StartTime>
        <FinishTime><![CDATA[04/08/2020, 00:28:31]]></FinishTime>
        <ScanTime><![CDATA[36 minutes, 9 seconds]]></ScanTime>
        <Aborted><![CDATA[False]]></Aborted>
        <Responsive><![CDATA[True]]></Responsive>
        <Banner><![CDATA[]]></Banner>
        <Os><![CDATA[Unknown]]></Os>
        <WebServer><![CDATA[None]]></WebServer>
        <Technologies>
            <![CDATA[
                PHP
            ]]>
        </Technologies>
        <Crawler StartUrl="http://tadbir.airforce.mil.my/">
            <Cookies>
            </Cookies>
            <SiteFiles>
<SiteFile id="1">
                    <Name><![CDATA[http://tadbir.airforce.mil.my/]]></Name>
                    <URL><![CDATA[/]]></URL>
                    <FullURL><![CDATA[http://tadbir.airforce.mil.my/]]></FullURL>
                    <Inputs>
                                <Variable Name="Referer" Type="HTTP Header"/>
                                <Variable Name="User-Agent" Type="HTTP Header"/>
                                <Variable Name="X-Forwarded-For" Type="HTTP Header"/>
                                <Variable Name="PHPSESSID" Type="Cookie"/>
                                <Variable Name="BNES_PHPSESSID" Type="Cookie"/>
                                <Variable Name="/[*]-&lt;n&gt;.&lt;n&gt;.&lt;n&gt;-&lt;s&gt;/&lt;s&gt;/&lt;s&gt;.map" Type="Path Fragment"/>
                                <Variable Name="/&lt;s&gt;-[*].&lt;n&gt;.&lt;n&gt;-&lt;s&gt;/&lt;s&gt;/&lt;s&gt;.map" Type="Path Fragment"/>
                                <Variable Name="/&lt;s&gt;-&lt;n&gt;.[*].&lt;n&gt;-&lt;s&gt;/&lt;s&gt;/&lt;s&gt;.map" Type="Path Fragment"/>
                                <Variable Name="/&lt;s&gt;-&lt;n&gt;.&lt;n&gt;.[*]-&lt;s&gt;/&lt;s&gt;/&lt;s&gt;.map" Type="Path Fragment"/>
                                <Variable Name="/&lt;s&gt;-&lt;n&gt;.&lt;n&gt;.&lt;n&gt;-[*]/&lt;s&gt;/&lt;s&gt;.map" Type="Path Fragment"/>
                                <Variable Name="/&lt;s&gt;-&lt;n&gt;.&lt;n&gt;.&lt;n&gt;-&lt;s&gt;/[*]/&lt;s&gt;.map" Type="Path Fragment"/>
                                <Variable Name="/&lt;s&gt;-&lt;n&gt;.&lt;n&gt;.&lt;n&gt;-&lt;s&gt;/&lt;s&gt;/[*].map" Type="Path Fragment"/>
                                <Variable Name="next" Type="URL encoded POST"/>
                                <Variable Name="notentera" Type="URL encoded POST"/>
                                <Variable Name="/[*]-&lt;n&gt;.&lt;n&gt;.&lt;n&gt;-&lt;s&gt;/&lt;s&gt;/&lt;s&gt;.css" Type="Path Fragment"/>
                                <Variable Name="/&lt;s&gt;-[*].&lt;n&gt;.&lt;n&gt;-&lt;s&gt;/&lt;s&gt;/&lt;s&gt;.css" Type="Path Fragment"/>
                                <Variable Name="/&lt;s&gt;-&lt;n&gt;.[*].&lt;n&gt;-&lt;s&gt;/&lt;s&gt;/&lt;s&gt;.css" Type="Path Fragment"/>
                                <Variable Name="/&lt;s&gt;-&lt;n&gt;.&lt;n&gt;.[*]-&lt;s&gt;/&lt;s&gt;/&lt;s&gt;.css" Type="Path Fragment"/>
                                <Variable Name="/&lt;s&gt;-&lt;n&gt;.&lt;n&gt;.&lt;n&gt;-[*]/&lt;s&gt;/&lt;s&gt;.css" Type="Path Fragment"/>
                                <Variable Name="/&lt;s&gt;-&lt;n&gt;.&lt;n&gt;.&lt;n&gt;-&lt;s&gt;/[*]/&lt;s&gt;.css" Type="Path Fragment"/>
                                <Variable Name="/&lt;s&gt;-&lt;n&gt;.&lt;n&gt;.&lt;n&gt;-&lt;s&gt;/&lt;s&gt;/[*].css" Type="Path Fragment"/>
                    </Inputs>
                </SiteFile>
<SiteFile id="2">
                    <Name><![CDATA[asset]]></Name>
                    <URL><![CDATA[/asset/]]></URL>
                    <FullURL><![CDATA[http://tadbir.airforce.mil.my/asset/]]></FullURL>
                </SiteFile>
<SiteFile id="3">
                    <Name><![CDATA[carousel.css]]></Name>
                    <URL><![CDATA[/asset/carousel.css]]></URL>
                    <FullURL><![CDATA[http://tadbir.airforce.mil.my/asset/carousel.css]]></FullURL>
                </SiteFile>
<SiteFile id="4">
                    <Name><![CDATA[icon.css]]></Name>
                    <URL><![CDATA[/asset/icon.css]]></URL>
                    <FullURL><![CDATA[http://tadbir.airforce.mil.my/asset/icon.css]]></FullURL>
                </SiteFile>
<SiteFile id="5">
                    <Name><![CDATA[images]]></Name>
                    <URL><![CDATA[/asset/images/]]></URL>
                    <FullURL><![CDATA[http://tadbir.airforce.mil.my/asset/images/]]></FullURL>
                </SiteFile>
<SiteFile id="6">
                    <Name><![CDATA[basic_admin_bootstrap]]></Name>
                    <URL><![CDATA[/basic_admin_bootstrap/]]></URL>
                    <FullURL><![CDATA[http://tadbir.airforce.mil.my/basic_admin_bootstrap/]]></FullURL>
                </SiteFile>
<SiteFile id="7">
                    <Name><![CDATA[vendor]]></Name>
                    <URL><![CDATA[/basic_admin_bootstrap/vendor/]]></URL>
                    <FullURL><![CDATA[http://tadbir.airforce.mil.my/basic_admin_bootstrap/vendor/]]></FullURL>
                </SiteFile>
<SiteFile id="8">
                    <Name><![CDATA[bootstrap]]></Name>
                    <URL><![CDATA[/basic_admin_bootstrap/vendor/bootstrap/]]></URL>
                    <FullURL><![CDATA[http://tadbir.airforce.mil.my/basic_admin_bootstrap/vendor/bootstrap/]]></FullURL>
                </SiteFile>
<SiteFile id="9">
                    <Name><![CDATA[js]]></Name>
                    <URL><![CDATA[/basic_admin_bootstrap/vendor/bootstrap/js/]]></URL>
                    <FullURL><![CDATA[http://tadbir.airforce.mil.my/basic_admin_bootstrap/vendor/bootstrap/js/]]></FullURL>
                </SiteFile>
<SiteFile id="10">
                    <Name><![CDATA[bootstrap.bundle.min.js]]></Name>
                    <URL><![CDATA[/basic_admin_bootstrap/vendor/bootstrap/js/bootstrap.bundle.min.js]]></URL>
                    <FullURL><![CDATA[http://tadbir.airforce.mil.my/basic_admin_bootstrap/vendor/bootstrap/js/bootstrap.bundle.min.js]]></FullURL>
                </SiteFile>
<SiteFile id="11">
                    <Name><![CDATA[jquery-easing]]></Name>
                    <URL><![CDATA[/basic_admin_bootstrap/vendor/jquery-easing/]]></URL>
                    <FullURL><![CDATA[http://tadbir.airforce.mil.my/basic_admin_bootstrap/vendor/jquery-easing/]]></FullURL>
                </SiteFile>
<SiteFile id="12">
                    <Name><![CDATA[jquery.easing.min.js]]></Name>
                    <URL><![CDATA[/basic_admin_bootstrap/vendor/jquery-easing/jquery.easing.min.js]]></URL>
                    <FullURL><![CDATA[http://tadbir.airforce.mil.my/basic_admin_bootstrap/vendor/jquery-easing/jquery.easing.min.js]]></FullURL>
                </SiteFile>
<SiteFile id="13">
                    <Name><![CDATA[jquery]]></Name>
                    <URL><![CDATA[/basic_admin_bootstrap/vendor/jquery/]]></URL>
                    <FullURL><![CDATA[http://tadbir.airforce.mil.my/basic_admin_bootstrap/vendor/jquery/]]></FullURL>
                </SiteFile>
<SiteFile id="14">
                    <Name><![CDATA[jquery.min.js]]></Name>
                    <URL><![CDATA[/basic_admin_bootstrap/vendor/jquery/jquery.min.js]]></URL>
                    <FullURL><![CDATA[http://tadbir.airforce.mil.my/basic_admin_bootstrap/vendor/jquery/jquery.min.js]]></FullURL>
                </SiteFile>
<SiteFile id="15">
                    <Name><![CDATA[bootstrap-4.4.1-dist]]></Name>
                    <URL><![CDATA[/bootstrap-4.4.1-dist/]]></URL>
                    <FullURL><![CDATA[http://tadbir.airforce.mil.my/bootstrap-4.4.1-dist/]]></FullURL>
                </SiteFile>
<SiteFile id="16">
                    <Name><![CDATA[assets]]></Name>
                    <URL><![CDATA[/bootstrap-4.4.1-dist/assets/]]></URL>
                    <FullURL><![CDATA[http://tadbir.airforce.mil.my/bootstrap-4.4.1-dist/assets/]]></FullURL>
                </SiteFile>
<SiteFile id="17">
                    <Name><![CDATA[img]]></Name>
                    <URL><![CDATA[/bootstrap-4.4.1-dist/assets/img/]]></URL>
                    <FullURL><![CDATA[http://tadbir.airforce.mil.my/bootstrap-4.4.1-dist/assets/img/]]></FullURL>
                </SiteFile>
<SiteFile id="18">
                    <Name><![CDATA[favicons]]></Name>
                    <URL><![CDATA[/bootstrap-4.4.1-dist/assets/img/favicons/]]></URL>
                    <FullURL><![CDATA[http://tadbir.airforce.mil.my/bootstrap-4.4.1-dist/assets/img/favicons/]]></FullURL>
                </SiteFile>
<SiteFile id="19">
                    <Name><![CDATA[manifest.json]]></Name>
                    <URL><![CDATA[/bootstrap-4.4.1-dist/assets/img/favicons/manifest.json]]></URL>
                    <FullURL><![CDATA[http://tadbir.airforce.mil.my/bootstrap-4.4.1-dist/assets/img/favicons/manifest.json]]></FullURL>
                </SiteFile>
<SiteFile id="20">
                    <Name><![CDATA[css]]></Name>
                    <URL><![CDATA[/bootstrap-4.4.1-dist/css/]]></URL>
                    <FullURL><![CDATA[http://tadbir.airforce.mil.my/bootstrap-4.4.1-dist/css/]]></FullURL>
                </SiteFile>
<SiteFile id="21">
                    <Name><![CDATA[$file-1x]]></Name>
                    <URL><![CDATA[/bootstrap-4.4.1-dist/css/$file-1x]]></URL>
                    <FullURL><![CDATA[http://tadbir.airforce.mil.my/bootstrap-4.4.1-dist/css/$file-1x]]></FullURL>
                </SiteFile>
<SiteFile id="22">
                    <Name><![CDATA[$file-2x]]></Name>
                    <URL><![CDATA[/bootstrap-4.4.1-dist/css/$file-2x]]></URL>
                    <FullURL><![CDATA[http://tadbir.airforce.mil.my/bootstrap-4.4.1-dist/css/$file-2x]]></FullURL>
                </SiteFile>
<SiteFile id="23">
                    <Name><![CDATA[bootstrap-grid.css]]></Name>
                    <URL><![CDATA[/bootstrap-4.4.1-dist/css/bootstrap-grid.css]]></URL>
                    <FullURL><![CDATA[http://tadbir.airforce.mil.my/bootstrap-4.4.1-dist/css/bootstrap-grid.css]]></FullURL>
                </SiteFile>
<SiteFile id="24">
                    <Name><![CDATA[bootstrap-grid.css.map]]></Name>
                    <URL><![CDATA[/bootstrap-4.4.1-dist/css/bootstrap-grid.css.map]]></URL>
                    <FullURL><![CDATA[http://tadbir.airforce.mil.my/bootstrap-4.4.1-dist/css/bootstrap-grid.css.map]]></FullURL>
                </SiteFile>
<SiteFile id="25">
                    <Name><![CDATA[bootstrap-grid.min.css]]></Name>
                    <URL><![CDATA[/bootstrap-4.4.1-dist/css/bootstrap-grid.min.css]]></URL>
                    <FullURL><![CDATA[http://tadbir.airforce.mil.my/bootstrap-4.4.1-dist/css/bootstrap-grid.min.css]]></FullURL>
                </SiteFile>
<SiteFile id="26">
                    <Name><![CDATA[bootstrap-grid.min.css.map]]></Name>
                    <URL><![CDATA[/bootstrap-4.4.1-dist/css/bootstrap-grid.min.css.map]]></URL>
                    <FullURL><![CDATA[http://tadbir.airforce.mil.my/bootstrap-4.4.1-dist/css/bootstrap-grid.min.css.map]]></FullURL>
                </SiteFile>
<SiteFile id="27">
                    <Name><![CDATA[bootstrap-reboot.css]]></Name>
                    <URL><![CDATA[/bootstrap-4.4.1-dist/css/bootstrap-reboot.css]]></URL>
                    <FullURL><![CDATA[http://tadbir.airforce.mil.my/bootstrap-4.4.1-dist/css/bootstrap-reboot.css]]></FullURL>
                </SiteFile>
<SiteFile id="28">
                    <Name><![CDATA[bootstrap-reboot.css.map]]></Name>
                    <URL><![CDATA[/bootstrap-4.4.1-dist/css/bootstrap-reboot.css.map]]></URL>
                    <FullURL><![CDATA[http://tadbir.airforce.mil.my/bootstrap-4.4.1-dist/css/bootstrap-reboot.css.map]]></FullURL>
                </SiteFile>
<SiteFile id="29">
                    <Name><![CDATA[bootstrap-reboot.min.css]]></Name>
                    <URL><![CDATA[/bootstrap-4.4.1-dist/css/bootstrap-reboot.min.css]]></URL>
                    <FullURL><![CDATA[http://tadbir.airforce.mil.my/bootstrap-4.4.1-dist/css/bootstrap-reboot.min.css]]></FullURL>
                </SiteFile>
<SiteFile id="30">
                    <Name><![CDATA[bootstrap-reboot.min.css.map]]></Name>
                    <URL><![CDATA[/bootstrap-4.4.1-dist/css/bootstrap-reboot.min.css.map]]></URL>
                    <FullURL><![CDATA[http://tadbir.airforce.mil.my/bootstrap-4.4.1-dist/css/bootstrap-reboot.min.css.map]]></FullURL>
                </SiteFile>
<SiteFile id="31">
                    <Name><![CDATA[bootstrap.css]]></Name>
                    <URL><![CDATA[/bootstrap-4.4.1-dist/css/bootstrap.css]]></URL>
                    <FullURL><![CDATA[http://tadbir.airforce.mil.my/bootstrap-4.4.1-dist/css/bootstrap.css]]></FullURL>
                </SiteFile>
<SiteFile id="32">
                    <Name><![CDATA[bootstrap.css.map]]></Name>
                    <URL><![CDATA[/bootstrap-4.4.1-dist/css/bootstrap.css.map]]></URL>
                    <FullURL><![CDATA[http://tadbir.airforce.mil.my/bootstrap-4.4.1-dist/css/bootstrap.css.map]]></FullURL>
                </SiteFile>
<SiteFile id="33">
                    <Name><![CDATA[bootstrap.min.css]]></Name>
                    <URL><![CDATA[/bootstrap-4.4.1-dist/css/bootstrap.min.css]]></URL>
                    <FullURL><![CDATA[http://tadbir.airforce.mil.my/bootstrap-4.4.1-dist/css/bootstrap.min.css]]></FullURL>
                </SiteFile>
<SiteFile id="34">
                    <Name><![CDATA[bootstrap.min.css.map]]></Name>
                    <URL><![CDATA[/bootstrap-4.4.1-dist/css/bootstrap.min.css.map]]></URL>
                    <FullURL><![CDATA[http://tadbir.airforce.mil.my/bootstrap-4.4.1-dist/css/bootstrap.min.css.map]]></FullURL>
                </SiteFile>
<SiteFile id="35">
                    <Name><![CDATA[js]]></Name>
                    <URL><![CDATA[/bootstrap-4.4.1-dist/js/]]></URL>
                    <FullURL><![CDATA[http://tadbir.airforce.mil.my/bootstrap-4.4.1-dist/js/]]></FullURL>
                </SiteFile>
<SiteFile id="36">
                    <Name><![CDATA[daftar.php]]></Name>
                    <URL><![CDATA[/daftar.php]]></URL>
                    <FullURL><![CDATA[http://tadbir.airforce.mil.my/daftar.php]]></FullURL>
                </SiteFile>
<SiteFile id="37">
                    <Name><![CDATA[icons]]></Name>
                    <URL><![CDATA[/icons/]]></URL>
                    <FullURL><![CDATA[http://tadbir.airforce.mil.my/icons/]]></FullURL>
                </SiteFile>
<SiteFile id="38">
                    <Name><![CDATA[img]]></Name>
                    <URL><![CDATA[/img/]]></URL>
                    <FullURL><![CDATA[http://tadbir.airforce.mil.my/img/]]></FullURL>
                </SiteFile>
<SiteFile id="39">
                    <Name><![CDATA[index.php]]></Name>
                    <URL><![CDATA[/index.php]]></URL>
                    <FullURL><![CDATA[http://tadbir.airforce.mil.my/index.php]]></FullURL>
                </SiteFile>
            </SiteFiles>
        </Crawler>
        <ReportItems>
<ReportItem id="1" color="orange">
                <Name><![CDATA[Directory listing (verified)]]></Name>
                <ModuleName><![CDATA[/Scripts/PerFolder/Directory_Listing.script]]></ModuleName>
                <Details><![CDATA[Pattern found: <pre><span class="bb-blue">Last modified&lt;/a&gt;</span></pre>]]></Details>
                <Affects><![CDATA[/bootstrap-4.4.1-dist/js/]]></Affects>
                <Parameter><![CDATA[]]></Parameter>
                <AOP_SourceFile><![CDATA[]]></AOP_SourceFile>
                <AOP_SourceLine></AOP_SourceLine>
                <AOP_Additional><![CDATA[]]></AOP_Additional>
                <IsFalsePositive><![CDATA[]]></IsFalsePositive>
                <Severity><![CDATA[medium]]></Severity>
                <Type><![CDATA[configuration]]></Type>
                <Impact><![CDATA[A user can view a list of all files from this directory possibly exposing sensitive information.]]></Impact>
                <Description><![CDATA[The web server is configured to display the list of files contained in this directory. This is not recommended because the directory may contain files that are not normally exposed through links on the web site.]]></Description>
                <DetailedInformation><![CDATA[<h5>How to disable directory listings</h5> <ul> <li>The easiest way to disable directory listing is to create an index file. The name of the index file depends on the web server configuration. On Apache is called index.htm, index.html. On IIS is named default.asp, default.aspx, default.htm.</li> <li>On IIS directory listings are disabled by default.</li> <li>For Apache you need to edit the Apache configuration file (usually named httpd.conf) or create an .htaccess file. In the configuration file you will have the definition of the directory. Something like   <pre><code>&lt;Directory  /directoryname/subdirectory&gt; Options Indexes FollowSymLinks ... &lt;/Directory&gt;</code></pre> To disable directory listing for that directory you need to remove the 'Indexes' option. </li> </ul>]]></DetailedInformation>
                <Recommendation><![CDATA[You should make sure the directory does not contain sensitive information or you may want to restrict directory listings from the web server configuration.]]></Recommendation>
                <TechnicalDetails>
                    <Request><![CDATA[GET /bootstrap-4.4.1-dist/js/ HTTP/1.1
Cookie: PHPSESSID=ig8nihb0ul29hb0r080abiri80;BNES_PHPSESSID=xIE8iHehsHfqBRG9/KFY1Crawwjp1nLtlb5XEmG1BTGUdjr2WzHtrokueR2PaaDLaidGnXBbZ3WyJ0VNXZlihslM6PwweCp3HJW+7nZIjU4=
Accept: text/html,application/xhtml+xml,application/xml;q=0.9,*/*;q=0.8
Accept-Encoding: gzip,deflate
Host: tadbir.airforce.mil.my
User-Agent: Mozilla/5.0 (Windows NT 10.0; Win64; x64) AppleWebKit/537.36 (KHTML, like Gecko) Chrome/73.0.3683.103 Safari/537.36
Connection: Keep-alive
]]></Request>
                </TechnicalDetails>
                <CWEList>
                    <CWE id="538"><![CDATA[CWE-538]]></CWE>
                </CWEList>
                <CVEList>
                </CVEList>
                <CVSS>
                  <Descriptor><![CDATA[AV:N/AC:L/Au:N/C:P/I:N/A:N]]></Descriptor>
                  <Score><![CDATA[5.0]]></Score>
                  <AV><![CDATA[Network_Accessible]]></AV>
                  <AC><![CDATA[Low]]></AC>
                  <Au><![CDATA[None]]></Au>
                  <C><![CDATA[Partial]]></C>
                  <I><![CDATA[None]]></I>
                  <A><![CDATA[None]]></A>
                  <E><![CDATA[]]></E>
                  <RL><![CDATA[]]></RL>
                  <RC><![CDATA[]]></RC>
                </CVSS>
                <CVSS3>
                  <Descriptor><![CDATA[CVSS:3.0/AV:N/AC:L/PR:N/UI:N/S:U/C:H/I:N/A:N]]></Descriptor>
                  <Score><![CDATA[7.5]]></Score>
                  <TempScore><![CDATA[]]></TempScore>
                  <EnvScore><![CDATA[]]></EnvScore>
                  <AV><![CDATA[Network]]></AV>
                  <AC><![CDATA[Low]]></AC>
                  <PR><![CDATA[None]]></PR>
                  <UI><![CDATA[None]]></UI>
                  <S><![CDATA[Unchanged]]></S>
                  <C><![CDATA[High]]></C>
                  <I><![CDATA[None]]></I>
                  <A><![CDATA[None]]></A>
                  <E><![CDATA[]]></E>
                  <RL><![CDATA[]]></RL>
                  <RC><![CDATA[]]></RC>
                </CVSS3>
                <References>
                    <Reference>
                      <Database><![CDATA[CWE-548: Exposure of Information Through Directory Listing]]></Database>
                      <URL><![CDATA[https://cwe.mitre.org/data/definitions/548.html]]></URL>
                    </Reference>
                </References>
            </ReportItem>
<ReportItem id="2" color="orange">
                <Name><![CDATA[Directory listing (verified)]]></Name>
                <ModuleName><![CDATA[/Scripts/PerFolder/Directory_Listing.script]]></ModuleName>
                <Details><![CDATA[Pattern found: <pre><span class="bb-blue">Last modified&lt;/a&gt;</span></pre>]]></Details>
                <Affects><![CDATA[/img/]]></Affects>
                <Parameter><![CDATA[]]></Parameter>
                <AOP_SourceFile><![CDATA[]]></AOP_SourceFile>
                <AOP_SourceLine></AOP_SourceLine>
                <AOP_Additional><![CDATA[]]></AOP_Additional>
                <IsFalsePositive><![CDATA[]]></IsFalsePositive>
                <Severity><![CDATA[medium]]></Severity>
                <Type><![CDATA[configuration]]></Type>
                <Impact><![CDATA[A user can view a list of all files from this directory possibly exposing sensitive information.]]></Impact>
                <Description><![CDATA[The web server is configured to display the list of files contained in this directory. This is not recommended because the directory may contain files that are not normally exposed through links on the web site.]]></Description>
                <DetailedInformation><![CDATA[<h5>How to disable directory listings</h5> <ul> <li>The easiest way to disable directory listing is to create an index file. The name of the index file depends on the web server configuration. On Apache is called index.htm, index.html. On IIS is named default.asp, default.aspx, default.htm.</li> <li>On IIS directory listings are disabled by default.</li> <li>For Apache you need to edit the Apache configuration file (usually named httpd.conf) or create an .htaccess file. In the configuration file you will have the definition of the directory. Something like   <pre><code>&lt;Directory  /directoryname/subdirectory&gt; Options Indexes FollowSymLinks ... &lt;/Directory&gt;</code></pre> To disable directory listing for that directory you need to remove the 'Indexes' option. </li> </ul>]]></DetailedInformation>
                <Recommendation><![CDATA[You should make sure the directory does not contain sensitive information or you may want to restrict directory listings from the web server configuration.]]></Recommendation>
                <TechnicalDetails>
                    <Request><![CDATA[GET /img/ HTTP/1.1
Cookie: PHPSESSID=ig8nihb0ul29hb0r080abiri80;BNES_PHPSESSID=xIE8iHehsHfqBRG9/KFY1Crawwjp1nLtlb5XEmG1BTGUdjr2WzHtrokueR2PaaDLaidGnXBbZ3WyJ0VNXZlihslM6PwweCp3HJW+7nZIjU4=
Accept: text/html,application/xhtml+xml,application/xml;q=0.9,*/*;q=0.8
Accept-Encoding: gzip,deflate
Host: tadbir.airforce.mil.my
User-Agent: Mozilla/5.0 (Windows NT 10.0; Win64; x64) AppleWebKit/537.36 (KHTML, like Gecko) Chrome/73.0.3683.103 Safari/537.36
Connection: Keep-alive
]]></Request>
                </TechnicalDetails>
                <CWEList>
                    <CWE id="538"><![CDATA[CWE-538]]></CWE>
                </CWEList>
                <CVEList>
                </CVEList>
                <CVSS>
                  <Descriptor><![CDATA[AV:N/AC:L/Au:N/C:P/I:N/A:N]]></Descriptor>
                  <Score><![CDATA[5.0]]></Score>
                  <AV><![CDATA[Network_Accessible]]></AV>
                  <AC><![CDATA[Low]]></AC>
                  <Au><![CDATA[None]]></Au>
                  <C><![CDATA[Partial]]></C>
                  <I><![CDATA[None]]></I>
                  <A><![CDATA[None]]></A>
                  <E><![CDATA[]]></E>
                  <RL><![CDATA[]]></RL>
                  <RC><![CDATA[]]></RC>
                </CVSS>
                <CVSS3>
                  <Descriptor><![CDATA[CVSS:3.0/AV:N/AC:L/PR:N/UI:N/S:U/C:H/I:N/A:N]]></Descriptor>
                  <Score><![CDATA[7.5]]></Score>
                  <TempScore><![CDATA[]]></TempScore>
                  <EnvScore><![CDATA[]]></EnvScore>
                  <AV><![CDATA[Network]]></AV>
                  <AC><![CDATA[Low]]></AC>
                  <PR><![CDATA[None]]></PR>
                  <UI><![CDATA[None]]></UI>
                  <S><![CDATA[Unchanged]]></S>
                  <C><![CDATA[High]]></C>
                  <I><![CDATA[None]]></I>
                  <A><![CDATA[None]]></A>
                  <E><![CDATA[]]></E>
                  <RL><![CDATA[]]></RL>
                  <RC><![CDATA[]]></RC>
                </CVSS3>
                <References>
                    <Reference>
                      <Database><![CDATA[CWE-548: Exposure of Information Through Directory Listing]]></Database>
                      <URL><![CDATA[https://cwe.mitre.org/data/definitions/548.html]]></URL>
                    </Reference>
                </References>
            </ReportItem>
<ReportItem id="3" color="blue">
                <Name><![CDATA[Clickjacking: X-Frame-Options header missing]]></Name>
                <ModuleName><![CDATA[/Scripts/PerServer/Clickjacking_X_Frame_Options.script]]></ModuleName>
                <Details><![CDATA[]]></Details>
                <Affects><![CDATA[/]]></Affects>
                <Parameter><![CDATA[]]></Parameter>
                <AOP_SourceFile><![CDATA[]]></AOP_SourceFile>
                <AOP_SourceLine></AOP_SourceLine>
                <AOP_Additional><![CDATA[]]></AOP_Additional>
                <IsFalsePositive><![CDATA[]]></IsFalsePositive>
                <Severity><![CDATA[low]]></Severity>
                <Type><![CDATA[abuseoffunctionality]]></Type>
                <Impact><![CDATA[The impact depends on the affected web application.]]></Impact>
                <Description><![CDATA[Clickjacking (User Interface redress attack, UI redress attack, UI redressing) is a malicious technique of tricking a Web user into clicking on something different from what the user perceives they are clicking on, thus potentially revealing confidential information or taking control of their computer while clicking on seemingly innocuous web pages. <br/><br/>
The server didn't return an <strong>X-Frame-Options</strong> header which means that this website could be at risk of a clickjacking attack. The X-Frame-Options HTTP response header can be used to indicate whether or not a browser should be allowed to render a page inside a frame or iframe. Sites can use this to avoid clickjacking attacks, by ensuring that their content is not embedded into other sites.]]></Description>
                <DetailedInformation><![CDATA[]]></DetailedInformation>
                <Recommendation><![CDATA[Configure your web server to include an X-Frame-Options header and a CSP header with frame-ancestors directive. Consult Web references for more information about the possible values for this header.]]></Recommendation>
                <TechnicalDetails>
                    <Request><![CDATA[GET / HTTP/1.1
Cookie: PHPSESSID=ig8nihb0ul29hb0r080abiri80;BNES_PHPSESSID=xIE8iHehsHfqBRG9/KFY1Crawwjp1nLtlb5XEmG1BTGUdjr2WzHtrokueR2PaaDLaidGnXBbZ3WyJ0VNXZlihslM6PwweCp3HJW+7nZIjU4=
Accept: text/html,application/xhtml+xml,application/xml;q=0.9,*/*;q=0.8
Accept-Encoding: gzip,deflate
Host: tadbir.airforce.mil.my
User-Agent: Mozilla/5.0 (Windows NT 10.0; Win64; x64) AppleWebKit/537.36 (KHTML, like Gecko) Chrome/73.0.3683.103 Safari/537.36
Connection: Keep-alive
]]></Request>
                </TechnicalDetails>
                <CWEList>
                    <CWE id="693"><![CDATA[CWE-693]]></CWE>
                </CWEList>
                <CVEList>
                </CVEList>
                <CVSS>
                  <Descriptor><![CDATA[AV:N/AC:M/Au:N/C:N/I:P/A:N]]></Descriptor>
                  <Score><![CDATA[4.3]]></Score>
                  <AV><![CDATA[Network_Accessible]]></AV>
                  <AC><![CDATA[Medium]]></AC>
                  <Au><![CDATA[None]]></Au>
                  <C><![CDATA[None]]></C>
                  <I><![CDATA[Partial]]></I>
                  <A><![CDATA[None]]></A>
                  <E><![CDATA[]]></E>
                  <RL><![CDATA[]]></RL>
                  <RC><![CDATA[]]></RC>
                </CVSS>
                <CVSS3>
                  <Descriptor><![CDATA[CVSS:3.1/AV:N/AC:L/PR:N/UI:N/S:C/C:N/I:L/A:N]]></Descriptor>
                  <Score><![CDATA[5.8]]></Score>
                  <TempScore><![CDATA[]]></TempScore>
                  <EnvScore><![CDATA[]]></EnvScore>
                  <AV><![CDATA[Network]]></AV>
                  <AC><![CDATA[Low]]></AC>
                  <PR><![CDATA[None]]></PR>
                  <UI><![CDATA[None]]></UI>
                  <S><![CDATA[Changed]]></S>
                  <C><![CDATA[None]]></C>
                  <I><![CDATA[Low]]></I>
                  <A><![CDATA[None]]></A>
                  <E><![CDATA[]]></E>
                  <RL><![CDATA[]]></RL>
                  <RC><![CDATA[]]></RC>
                </CVSS3>
                <References>
                    <Reference>
                      <Database><![CDATA[The X-Frame-Options response header]]></Database>
                      <URL><![CDATA[https://developer.mozilla.org/en-US/docs/Web/HTTP/Headers/X-Frame-Options]]></URL>
                    </Reference>
                    <Reference>
                      <Database><![CDATA[Clickjacking]]></Database>
                      <URL><![CDATA[https://en.wikipedia.org/wiki/Clickjacking]]></URL>
                    </Reference>
                    <Reference>
                      <Database><![CDATA[OWASP Clickjacking]]></Database>
                      <URL><![CDATA[https://cheatsheetseries.owasp.org/cheatsheets/Clickjacking_Defense_Cheat_Sheet.html]]></URL>
                    </Reference>
                    <Reference>
                      <Database><![CDATA[Frame Buster Buster]]></Database>
                      <URL><![CDATA[https://stackoverflow.com/questions/958997/frame-buster-buster-buster-code-needed]]></URL>
                    </Reference>
                </References>
            </ReportItem>
<ReportItem id="4" color="blue">
                <Name><![CDATA[Cookie(s) with missing, inconsistent, or contradictory properties. (verified)]]></Name>
                <ModuleName><![CDATA[/RPA/Cookie_Validator.js]]></ModuleName>
                <Details><![CDATA[A cookie was set with the following response header: <br/><br/><code>Set-Cookie: PHPSESSID=ig8nihb0ul29hb0r080abiri80; path=/</code><br/><br/>This cookie has the following issues: <br/><br/><li><strong>Cookie without SameSite attribute.</strong> When cookies lack the SameSite attribute, Web browsers may apply different and sometimes unexpected defaults. It is therefore recommended to add a SameSite attribute with an appropriate value of either &quot;Strict&quot;, &quot;Lax&quot;, or &quot;None&quot;.</li>]]></Details>
                <Affects><![CDATA[/]]></Affects>
                <Parameter><![CDATA[]]></Parameter>
                <AOP_SourceFile><![CDATA[]]></AOP_SourceFile>
                <AOP_SourceLine></AOP_SourceLine>
                <AOP_Additional><![CDATA[]]></AOP_Additional>
                <IsFalsePositive><![CDATA[]]></IsFalsePositive>
                <Severity><![CDATA[low]]></Severity>
                <Type><![CDATA[configuration]]></Type>
                <Impact><![CDATA[Cookies will not be stored, or submitted, by web browsers.]]></Impact>
                <Description><![CDATA[At least one of the cookie's properties causes the cookie to be invalid or incompatible with either a different property of the same cookie, of with the environment the cookie is being used in. Although this is not a vulnerability in itself, it will likely lead to unexpected behavior by the application, which in turn may cause secondary security issues.]]></Description>
                <DetailedInformation><![CDATA[]]></DetailedInformation>
                <Recommendation><![CDATA[Ensure that the cookie configuration complies with the applicable standards.]]></Recommendation>
                <TechnicalDetails>
                    <Request><![CDATA[GET / HTTP/1.1
Referer: http://tadbir.airforce.mil.my/
Accept: text/html,application/xhtml+xml,application/xml;q=0.9,*/*;q=0.8
Accept-Encoding: gzip,deflate
Host: tadbir.airforce.mil.my
User-Agent: Mozilla/5.0 (Windows NT 10.0; Win64; x64) AppleWebKit/537.36 (KHTML, like Gecko) Chrome/73.0.3683.103 Safari/537.36
Connection: Keep-alive
]]></Request>
                </TechnicalDetails>
                <CWEList>
                    <CWE id="16"><![CDATA[CWE-16]]></CWE>
                </CWEList>
                <CVEList>
                </CVEList>
                <CVSS>
                  <Descriptor><![CDATA[AV:N/AC:L/Au:N/C:N/I:N/A:N]]></Descriptor>
                  <Score><![CDATA[0.0]]></Score>
                  <AV><![CDATA[Network_Accessible]]></AV>
                  <AC><![CDATA[Low]]></AC>
                  <Au><![CDATA[None]]></Au>
                  <C><![CDATA[None]]></C>
                  <I><![CDATA[None]]></I>
                  <A><![CDATA[None]]></A>
                  <E><![CDATA[]]></E>
                  <RL><![CDATA[]]></RL>
                  <RC><![CDATA[]]></RC>
                </CVSS>
                <CVSS3>
                  <Descriptor><![CDATA[CVSS:3.1/AV:N/AC:L/PR:N/UI:R/S:U/C:N/I:N/A:N]]></Descriptor>
                  <Score><![CDATA[0.0]]></Score>
                  <TempScore><![CDATA[]]></TempScore>
                  <EnvScore><![CDATA[]]></EnvScore>
                  <AV><![CDATA[Network]]></AV>
                  <AC><![CDATA[Low]]></AC>
                  <PR><![CDATA[None]]></PR>
                  <UI><![CDATA[Required]]></UI>
                  <S><![CDATA[Unchanged]]></S>
                  <C><![CDATA[None]]></C>
                  <I><![CDATA[None]]></I>
                  <A><![CDATA[None]]></A>
                  <E><![CDATA[]]></E>
                  <RL><![CDATA[]]></RL>
                  <RC><![CDATA[]]></RC>
                </CVSS3>
                <References>
                    <Reference>
                      <Database><![CDATA[MDN | Set-Cookie]]></Database>
                      <URL><![CDATA[https://developer.mozilla.org/en-US/docs/Web/HTTP/Headers/Set-Cookie]]></URL>
                    </Reference>
                    <Reference>
                      <Database><![CDATA[Securing cookies with cookie prefixes]]></Database>
                      <URL><![CDATA[https://www.sjoerdlangkemper.nl/2017/02/09/cookie-prefixes/]]></URL>
                    </Reference>
                    <Reference>
                      <Database><![CDATA[Cookies: HTTP State Management Mechanism]]></Database>
                      <URL><![CDATA[https://tools.ietf.org/html/draft-ietf-httpbis-rfc6265bis-05]]></URL>
                    </Reference>
                    <Reference>
                      <Database><![CDATA[SameSite Updates - The Chromium Projects]]></Database>
                      <URL><![CDATA[https://www.chromium.org/updates/same-site]]></URL>
                    </Reference>
                    <Reference>
                      <Database><![CDATA[draft-west-first-party-cookies-07: Same-site Cookies]]></Database>
                      <URL><![CDATA[https://tools.ietf.org/html/draft-west-first-party-cookies-07]]></URL>
                    </Reference>
                </References>
            </ReportItem>
<ReportItem id="5" color="blue">
                <Name><![CDATA[Cookie(s) with missing, inconsistent, or contradictory properties. (verified)]]></Name>
                <ModuleName><![CDATA[/RPA/Cookie_Validator.js]]></ModuleName>
                <Details><![CDATA[A cookie was set with the following response header: <br/><br/><code>Set-Cookie: BNES_PHPSESSID=xIE8iHehsHfqBRG9/KFY1Crawwjp1nLtlb5XEmG1BTGUdjr2WzHtrokueR2PaaDLaidGnXBbZ3WyJ0VNXZlihslM6PwweCp3HJW+7nZIjU4=; path=/</code><br/><br/>This cookie has the following issues: <br/><br/><li><strong>Cookie without SameSite attribute.</strong> When cookies lack the SameSite attribute, Web browsers may apply different and sometimes unexpected defaults. It is therefore recommended to add a SameSite attribute with an appropriate value of either &quot;Strict&quot;, &quot;Lax&quot;, or &quot;None&quot;.</li>]]></Details>
                <Affects><![CDATA[/]]></Affects>
                <Parameter><![CDATA[]]></Parameter>
                <AOP_SourceFile><![CDATA[]]></AOP_SourceFile>
                <AOP_SourceLine></AOP_SourceLine>
                <AOP_Additional><![CDATA[]]></AOP_Additional>
                <IsFalsePositive><![CDATA[]]></IsFalsePositive>
                <Severity><![CDATA[low]]></Severity>
                <Type><![CDATA[configuration]]></Type>
                <Impact><![CDATA[Cookies will not be stored, or submitted, by web browsers.]]></Impact>
                <Description><![CDATA[At least one of the cookie's properties causes the cookie to be invalid or incompatible with either a different property of the same cookie, of with the environment the cookie is being used in. Although this is not a vulnerability in itself, it will likely lead to unexpected behavior by the application, which in turn may cause secondary security issues.]]></Description>
                <DetailedInformation><![CDATA[]]></DetailedInformation>
                <Recommendation><![CDATA[Ensure that the cookie configuration complies with the applicable standards.]]></Recommendation>
                <TechnicalDetails>
                    <Request><![CDATA[GET / HTTP/1.1
Referer: http://tadbir.airforce.mil.my/
Accept: text/html,application/xhtml+xml,application/xml;q=0.9,*/*;q=0.8
Accept-Encoding: gzip,deflate
Host: tadbir.airforce.mil.my
User-Agent: Mozilla/5.0 (Windows NT 10.0; Win64; x64) AppleWebKit/537.36 (KHTML, like Gecko) Chrome/73.0.3683.103 Safari/537.36
Connection: Keep-alive
]]></Request>
                </TechnicalDetails>
                <CWEList>
                    <CWE id="16"><![CDATA[CWE-16]]></CWE>
                </CWEList>
                <CVEList>
                </CVEList>
                <CVSS>
                  <Descriptor><![CDATA[AV:N/AC:L/Au:N/C:N/I:N/A:N]]></Descriptor>
                  <Score><![CDATA[0.0]]></Score>
                  <AV><![CDATA[Network_Accessible]]></AV>
                  <AC><![CDATA[Low]]></AC>
                  <Au><![CDATA[None]]></Au>
                  <C><![CDATA[None]]></C>
                  <I><![CDATA[None]]></I>
                  <A><![CDATA[None]]></A>
                  <E><![CDATA[]]></E>
                  <RL><![CDATA[]]></RL>
                  <RC><![CDATA[]]></RC>
                </CVSS>
                <CVSS3>
                  <Descriptor><![CDATA[CVSS:3.1/AV:N/AC:L/PR:N/UI:R/S:U/C:N/I:N/A:N]]></Descriptor>
                  <Score><![CDATA[0.0]]></Score>
                  <TempScore><![CDATA[]]></TempScore>
                  <EnvScore><![CDATA[]]></EnvScore>
                  <AV><![CDATA[Network]]></AV>
                  <AC><![CDATA[Low]]></AC>
                  <PR><![CDATA[None]]></PR>
                  <UI><![CDATA[Required]]></UI>
                  <S><![CDATA[Unchanged]]></S>
                  <C><![CDATA[None]]></C>
                  <I><![CDATA[None]]></I>
                  <A><![CDATA[None]]></A>
                  <E><![CDATA[]]></E>
                  <RL><![CDATA[]]></RL>
                  <RC><![CDATA[]]></RC>
                </CVSS3>
                <References>
                    <Reference>
                      <Database><![CDATA[MDN | Set-Cookie]]></Database>
                      <URL><![CDATA[https://developer.mozilla.org/en-US/docs/Web/HTTP/Headers/Set-Cookie]]></URL>
                    </Reference>
                    <Reference>
                      <Database><![CDATA[Securing cookies with cookie prefixes]]></Database>
                      <URL><![CDATA[https://www.sjoerdlangkemper.nl/2017/02/09/cookie-prefixes/]]></URL>
                    </Reference>
                    <Reference>
                      <Database><![CDATA[Cookies: HTTP State Management Mechanism]]></Database>
                      <URL><![CDATA[https://tools.ietf.org/html/draft-ietf-httpbis-rfc6265bis-05]]></URL>
                    </Reference>
                    <Reference>
                      <Database><![CDATA[SameSite Updates - The Chromium Projects]]></Database>
                      <URL><![CDATA[https://www.chromium.org/updates/same-site]]></URL>
                    </Reference>
                    <Reference>
                      <Database><![CDATA[draft-west-first-party-cookies-07: Same-site Cookies]]></Database>
                      <URL><![CDATA[https://tools.ietf.org/html/draft-west-first-party-cookies-07]]></URL>
                    </Reference>
                </References>
            </ReportItem>
<ReportItem id="6" color="blue">
                <Name><![CDATA[Cookie(s) without HttpOnly flag set (verified)]]></Name>
                <ModuleName><![CDATA[/RPA/Cookie_Without_HttpOnly.js]]></ModuleName>
                <Details><![CDATA[Set-Cookie: PHPSESSID=ig8nihb0ul29hb0r080abiri80; path=/]]></Details>
                <Affects><![CDATA[/]]></Affects>
                <Parameter><![CDATA[]]></Parameter>
                <AOP_SourceFile><![CDATA[]]></AOP_SourceFile>
                <AOP_SourceLine></AOP_SourceLine>
                <AOP_Additional><![CDATA[]]></AOP_Additional>
                <IsFalsePositive><![CDATA[]]></IsFalsePositive>
                <Severity><![CDATA[low]]></Severity>
                <Type><![CDATA[configuration]]></Type>
                <Impact><![CDATA[Cookies can be accessed by client-side scripts.]]></Impact>
                <Description><![CDATA[This cookie does not have the HttpOnly flag set. When a cookie is set with the HttpOnly flag, it instructs the browser that the cookie can only be accessed by the server and not by client-side scripts. This is an important security protection for session cookies.]]></Description>
                <DetailedInformation><![CDATA[]]></DetailedInformation>
                <Recommendation><![CDATA[If possible, you should set the HttpOnly flag for this cookie.]]></Recommendation>
                <TechnicalDetails>
                    <Request><![CDATA[GET / HTTP/1.1
Referer: http://tadbir.airforce.mil.my/
Accept: text/html,application/xhtml+xml,application/xml;q=0.9,*/*;q=0.8
Accept-Encoding: gzip,deflate
Host: tadbir.airforce.mil.my
User-Agent: Mozilla/5.0 (Windows NT 10.0; Win64; x64) AppleWebKit/537.36 (KHTML, like Gecko) Chrome/73.0.3683.103 Safari/537.36
Connection: Keep-alive
]]></Request>
                </TechnicalDetails>
                <CWEList>
                    <CWE id="16"><![CDATA[CWE-16]]></CWE>
                </CWEList>
                <CVEList>
                </CVEList>
                <CVSS>
                  <Descriptor><![CDATA[AV:N/AC:L/Au:N/C:N/I:N/A:N]]></Descriptor>
                  <Score><![CDATA[0.0]]></Score>
                  <AV><![CDATA[Network_Accessible]]></AV>
                  <AC><![CDATA[Low]]></AC>
                  <Au><![CDATA[None]]></Au>
                  <C><![CDATA[None]]></C>
                  <I><![CDATA[None]]></I>
                  <A><![CDATA[None]]></A>
                  <E><![CDATA[]]></E>
                  <RL><![CDATA[]]></RL>
                  <RC><![CDATA[]]></RC>
                </CVSS>
                <CVSS3>
                  <Descriptor><![CDATA[CVSS:3.1/AV:N/AC:L/PR:N/UI:R/S:U/C:N/I:N/A:N]]></Descriptor>
                  <Score><![CDATA[0.0]]></Score>
                  <TempScore><![CDATA[]]></TempScore>
                  <EnvScore><![CDATA[]]></EnvScore>
                  <AV><![CDATA[Network]]></AV>
                  <AC><![CDATA[Low]]></AC>
                  <PR><![CDATA[None]]></PR>
                  <UI><![CDATA[Required]]></UI>
                  <S><![CDATA[Unchanged]]></S>
                  <C><![CDATA[None]]></C>
                  <I><![CDATA[None]]></I>
                  <A><![CDATA[None]]></A>
                  <E><![CDATA[]]></E>
                  <RL><![CDATA[]]></RL>
                  <RC><![CDATA[]]></RC>
                </CVSS3>
                <References>
                </References>
            </ReportItem>
<ReportItem id="7" color="blue">
                <Name><![CDATA[Cookie(s) without HttpOnly flag set (verified)]]></Name>
                <ModuleName><![CDATA[/RPA/Cookie_Without_HttpOnly.js]]></ModuleName>
                <Details><![CDATA[Set-Cookie: BNES_PHPSESSID=xIE8iHehsHfqBRG9/KFY1Crawwjp1nLtlb5XEmG1BTGUdjr2WzHtrokueR2PaaDLaidGnXBbZ3WyJ0VNXZlihslM6PwweCp3HJW+7nZIjU4=; path=/]]></Details>
                <Affects><![CDATA[/]]></Affects>
                <Parameter><![CDATA[]]></Parameter>
                <AOP_SourceFile><![CDATA[]]></AOP_SourceFile>
                <AOP_SourceLine></AOP_SourceLine>
                <AOP_Additional><![CDATA[]]></AOP_Additional>
                <IsFalsePositive><![CDATA[]]></IsFalsePositive>
                <Severity><![CDATA[low]]></Severity>
                <Type><![CDATA[configuration]]></Type>
                <Impact><![CDATA[Cookies can be accessed by client-side scripts.]]></Impact>
                <Description><![CDATA[This cookie does not have the HttpOnly flag set. When a cookie is set with the HttpOnly flag, it instructs the browser that the cookie can only be accessed by the server and not by client-side scripts. This is an important security protection for session cookies.]]></Description>
                <DetailedInformation><![CDATA[]]></DetailedInformation>
                <Recommendation><![CDATA[If possible, you should set the HttpOnly flag for this cookie.]]></Recommendation>
                <TechnicalDetails>
                    <Request><![CDATA[GET / HTTP/1.1
Referer: http://tadbir.airforce.mil.my/
Accept: text/html,application/xhtml+xml,application/xml;q=0.9,*/*;q=0.8
Accept-Encoding: gzip,deflate
Host: tadbir.airforce.mil.my
User-Agent: Mozilla/5.0 (Windows NT 10.0; Win64; x64) AppleWebKit/537.36 (KHTML, like Gecko) Chrome/73.0.3683.103 Safari/537.36
Connection: Keep-alive
]]></Request>
                </TechnicalDetails>
                <CWEList>
                    <CWE id="16"><![CDATA[CWE-16]]></CWE>
                </CWEList>
                <CVEList>
                </CVEList>
                <CVSS>
                  <Descriptor><![CDATA[AV:N/AC:L/Au:N/C:N/I:N/A:N]]></Descriptor>
                  <Score><![CDATA[0.0]]></Score>
                  <AV><![CDATA[Network_Accessible]]></AV>
                  <AC><![CDATA[Low]]></AC>
                  <Au><![CDATA[None]]></Au>
                  <C><![CDATA[None]]></C>
                  <I><![CDATA[None]]></I>
                  <A><![CDATA[None]]></A>
                  <E><![CDATA[]]></E>
                  <RL><![CDATA[]]></RL>
                  <RC><![CDATA[]]></RC>
                </CVSS>
                <CVSS3>
                  <Descriptor><![CDATA[CVSS:3.1/AV:N/AC:L/PR:N/UI:R/S:U/C:N/I:N/A:N]]></Descriptor>
                  <Score><![CDATA[0.0]]></Score>
                  <TempScore><![CDATA[]]></TempScore>
                  <EnvScore><![CDATA[]]></EnvScore>
                  <AV><![CDATA[Network]]></AV>
                  <AC><![CDATA[Low]]></AC>
                  <PR><![CDATA[None]]></PR>
                  <UI><![CDATA[Required]]></UI>
                  <S><![CDATA[Unchanged]]></S>
                  <C><![CDATA[None]]></C>
                  <I><![CDATA[None]]></I>
                  <A><![CDATA[None]]></A>
                  <E><![CDATA[]]></E>
                  <RL><![CDATA[]]></RL>
                  <RC><![CDATA[]]></RC>
                </CVSS3>
                <References>
                </References>
            </ReportItem>
<ReportItem id="8" color="blue">
                <Name><![CDATA[Unencrypted connection (verified)]]></Name>
                <ModuleName><![CDATA[/RPA/no_https.js]]></ModuleName>
                <Details><![CDATA[]]></Details>
                <Affects><![CDATA[/]]></Affects>
                <Parameter><![CDATA[]]></Parameter>
                <AOP_SourceFile><![CDATA[]]></AOP_SourceFile>
                <AOP_SourceLine></AOP_SourceLine>
                <AOP_Additional><![CDATA[]]></AOP_Additional>
                <IsFalsePositive><![CDATA[]]></IsFalsePositive>
                <Severity><![CDATA[low]]></Severity>
                <Type><![CDATA[weakcrypto]]></Type>
                <Impact><![CDATA[Possible information disclosure.]]></Impact>
                <Description><![CDATA[This scan target was connected to over an unencrypted connection. A potential attacker can intercept and modify data sent and received from this site.]]></Description>
                <DetailedInformation><![CDATA[]]></DetailedInformation>
                <Recommendation><![CDATA[The site should send and receive data over a secure (HTTPS) connection.]]></Recommendation>
                <TechnicalDetails>
                    <Request><![CDATA[GET / HTTP/1.1
Referer: http://tadbir.airforce.mil.my/
Accept: text/html,application/xhtml+xml,application/xml;q=0.9,*/*;q=0.8
Accept-Encoding: gzip,deflate
Host: tadbir.airforce.mil.my
User-Agent: Mozilla/5.0 (Windows NT 10.0; Win64; x64) AppleWebKit/537.36 (KHTML, like Gecko) Chrome/73.0.3683.103 Safari/537.36
Connection: Keep-alive
]]></Request>
                </TechnicalDetails>
                <CWEList>
                    <CWE id="310"><![CDATA[CWE-310]]></CWE>
                </CWEList>
                <CVEList>
                </CVEList>
                <CVSS>
                  <Descriptor><![CDATA[AV:N/AC:M/Au:N/C:P/I:P/A:N]]></Descriptor>
                  <Score><![CDATA[5.8]]></Score>
                  <AV><![CDATA[Network_Accessible]]></AV>
                  <AC><![CDATA[Medium]]></AC>
                  <Au><![CDATA[None]]></Au>
                  <C><![CDATA[Partial]]></C>
                  <I><![CDATA[Partial]]></I>
                  <A><![CDATA[None]]></A>
                  <E><![CDATA[]]></E>
                  <RL><![CDATA[]]></RL>
                  <RC><![CDATA[]]></RC>
                </CVSS>
                <CVSS3>
                  <Descriptor><![CDATA[CVSS:3.0/AV:N/AC:L/PR:N/UI:N/S:U/C:H/I:H/A:N]]></Descriptor>
                  <Score><![CDATA[9.1]]></Score>
                  <TempScore><![CDATA[]]></TempScore>
                  <EnvScore><![CDATA[]]></EnvScore>
                  <AV><![CDATA[Network]]></AV>
                  <AC><![CDATA[Low]]></AC>
                  <PR><![CDATA[None]]></PR>
                  <UI><![CDATA[None]]></UI>
                  <S><![CDATA[Unchanged]]></S>
                  <C><![CDATA[High]]></C>
                  <I><![CDATA[High]]></I>
                  <A><![CDATA[None]]></A>
                  <E><![CDATA[]]></E>
                  <RL><![CDATA[]]></RL>
                  <RC><![CDATA[]]></RC>
                </CVSS3>
                <References>
                </References>
            </ReportItem>
<ReportItem id="9" color="green">
                <Name><![CDATA[Content Security Policy (CSP) not implemented]]></Name>
                <ModuleName><![CDATA[/httpdata/CSP_not_implemented.js]]></ModuleName>
                <Details><![CDATA[]]></Details>
                <Affects><![CDATA[/]]></Affects>
                <Parameter><![CDATA[]]></Parameter>
                <AOP_SourceFile><![CDATA[]]></AOP_SourceFile>
                <AOP_SourceLine></AOP_SourceLine>
                <AOP_Additional><![CDATA[]]></AOP_Additional>
                <IsFalsePositive><![CDATA[]]></IsFalsePositive>
                <Severity><![CDATA[informational]]></Severity>
                <Type><![CDATA[configuration]]></Type>
                <Impact><![CDATA[CSP can be used to prevent and/or mitigate attacks that involve content/code injection, such as cross-site scripting/XSS attacks, attacks that require embedding a malicious resource, attacks that involve malicious use of iframes, such as clickjacking attacks, and others.]]></Impact>
                <Description><![CDATA[Content Security Policy (CSP) is an added layer of security that helps to detect and mitigate certain types of attacks, including Cross Site Scripting (XSS) and data injection attacks. <br/><br/>
Content Security Policy (CSP) can be implemented by adding a <strong>Content-Security-Policy</strong> header. The value of this header is a string containing the policy directives describing your Content Security Policy. To implement CSP, you should define lists of allowed origins for the all of the types of resources that your site utilizes. For example, if you have a simple site that needs to load scripts, stylesheets, and images hosted locally, as well as from the jQuery library from their CDN, the CSP header could look like the following:
<pre><code>
Content-Security-Policy:
    default-src 'self';
    script-src 'self' https://code.jquery.com;
</code></pre>
<br/><br/>
It was detected that your web application doesn't implement Content Security Policy (CSP) as the CSP header is missing from the response. It's recommended to implement Content Security Policy (CSP) into your web application.]]></Description>
                <DetailedInformation><![CDATA[]]></DetailedInformation>
                <Recommendation><![CDATA[It's recommended to implement Content Security Policy (CSP) into your web application. Configuring Content Security Policy involves adding the <strong>Content-Security-Policy</strong> HTTP header to a web page and giving it values to control resources the user agent is allowed to load for that page.]]></Recommendation>
                <TechnicalDetails>
                    <Request><![CDATA[GET / HTTP/1.1
Referer: http://tadbir.airforce.mil.my/
Accept: text/html,application/xhtml+xml,application/xml;q=0.9,*/*;q=0.8
Accept-Encoding: gzip,deflate
Host: tadbir.airforce.mil.my
User-Agent: Mozilla/5.0 (Windows NT 10.0; Win64; x64) AppleWebKit/537.36 (KHTML, like Gecko) Chrome/73.0.3683.103 Safari/537.36
Connection: Keep-alive
]]></Request>
                </TechnicalDetails>
                <CWEList>
                    <CWE id="16"><![CDATA[CWE-16]]></CWE>
                </CWEList>
                <CVEList>
                </CVEList>
                <CVSS>
                  <Descriptor><![CDATA[AV:N/AC:L/Au:N/C:N/I:N/A:N]]></Descriptor>
                  <Score><![CDATA[0.0]]></Score>
                  <AV><![CDATA[Network_Accessible]]></AV>
                  <AC><![CDATA[Low]]></AC>
                  <Au><![CDATA[None]]></Au>
                  <C><![CDATA[None]]></C>
                  <I><![CDATA[None]]></I>
                  <A><![CDATA[None]]></A>
                  <E><![CDATA[]]></E>
                  <RL><![CDATA[]]></RL>
                  <RC><![CDATA[]]></RC>
                </CVSS>
                <CVSS3>
                  <Descriptor><![CDATA[CVSS:3.1/AV:N/AC:L/PR:N/UI:R/S:C/C:N/I:N/A:N]]></Descriptor>
                  <Score><![CDATA[0.0]]></Score>
                  <TempScore><![CDATA[]]></TempScore>
                  <EnvScore><![CDATA[]]></EnvScore>
                  <AV><![CDATA[Network]]></AV>
                  <AC><![CDATA[Low]]></AC>
                  <PR><![CDATA[None]]></PR>
                  <UI><![CDATA[Required]]></UI>
                  <S><![CDATA[Changed]]></S>
                  <C><![CDATA[None]]></C>
                  <I><![CDATA[None]]></I>
                  <A><![CDATA[None]]></A>
                  <E><![CDATA[]]></E>
                  <RL><![CDATA[]]></RL>
                  <RC><![CDATA[]]></RC>
                </CVSS3>
                <References>
                    <Reference>
                      <Database><![CDATA[Content Security Policy (CSP)]]></Database>
                      <URL><![CDATA[https://developer.mozilla.org/en-US/docs/Web/HTTP/CSP]]></URL>
                    </Reference>
                    <Reference>
                      <Database><![CDATA[Implementing Content Security Policy]]></Database>
                      <URL><![CDATA[https://hacks.mozilla.org/2016/02/implementing-content-security-policy/]]></URL>
                    </Reference>
                </References>
            </ReportItem>
        </ReportItems>
    </Scan>
</ScanGroup>
