<?xml version="1.0"?>
<ScanGroup ExportedOn="11/08/2020, 08:37:38">
<Scan>
        <Name><![CDATA[scan_name]]></Name>
        <ShortName><![CDATA[scan_short_name]]></ShortName>
        <StartURL><![CDATA[protokol.mod.gov.my]]></StartURL>
        <StartTime><![CDATA[02/08/2020, 23:41:51]]></StartTime>
        <FinishTime><![CDATA[03/08/2020, 02:21:45]]></FinishTime>
        <ScanTime><![CDATA[159 minutes, 39 seconds]]></ScanTime>
        <Aborted><![CDATA[False]]></Aborted>
        <Responsive><![CDATA[True]]></Responsive>
        <Banner><![CDATA[]]></Banner>
        <Os><![CDATA[Unknown]]></Os>
        <WebServer><![CDATA[None]]></WebServer>
        <Technologies>
            <![CDATA[
            ]]>
        </Technologies>
        <Crawler StartUrl="http://protokol.mod.gov.my/">
            <Cookies>
            </Cookies>
            <SiteFiles>
<SiteFile id="1">
                    <Name><![CDATA[https://protokol.mod.gov.my/]]></Name>
                    <URL><![CDATA[/]]></URL>
                    <FullURL><![CDATA[https://protokol.mod.gov.my/]]></FullURL>
                </SiteFile>
<SiteFile id="2">
                    <Name><![CDATA[web]]></Name>
                    <URL><![CDATA[/web/]]></URL>
                    <FullURL><![CDATA[https://protokol.mod.gov.my/web/]]></FullURL>
                    <Inputs>
                                <Variable Name="Referer" Type="HTTP Header"/>
                                <Variable Name="User-Agent" Type="HTTP Header"/>
                                <Variable Name="X-Forwarded-For" Type="HTTP Header"/>
                                <Variable Name="PHPSESSID" Type="Cookie"/>
                                <Variable Name="BNES_PHPSESSID" Type="Cookie"/>
                                <Variable Name="method" Type="URL encoded GET"/>
                                <Variable Name="module" Type="URL encoded GET"/>
                                <Variable Name="password" Type="URL encoded POST"/>
                                <Variable Name="username" Type="URL encoded POST"/>
                    </Inputs>
                </SiteFile>
<SiteFile id="3">
                    <Name><![CDATA[css]]></Name>
                    <URL><![CDATA[/web/css/]]></URL>
                    <FullURL><![CDATA[https://protokol.mod.gov.my/web/css/]]></FullURL>
                </SiteFile>
<SiteFile id="4">
                    <Name><![CDATA[page_style.css]]></Name>
                    <URL><![CDATA[/web/css/page_style.css]]></URL>
                    <FullURL><![CDATA[https://protokol.mod.gov.my/web/css/page_style.css]]></FullURL>
                </SiteFile>
<SiteFile id="5">
                    <Name><![CDATA[image]]></Name>
                    <URL><![CDATA[/web/image/]]></URL>
                    <FullURL><![CDATA[https://protokol.mod.gov.my/web/image/]]></FullURL>
                </SiteFile>
<SiteFile id="6">
                    <Name><![CDATA[index.php]]></Name>
                    <URL><![CDATA[/web/index.php]]></URL>
                    <FullURL><![CDATA[https://protokol.mod.gov.my/web/index.php]]></FullURL>
                    <Inputs>
                                <Variable Name="Referer" Type="HTTP Header"/>
                                <Variable Name="User-Agent" Type="HTTP Header"/>
                                <Variable Name="X-Forwarded-For" Type="HTTP Header"/>
                                <Variable Name="PHPSESSID" Type="Cookie"/>
                                <Variable Name="BNES_PHPSESSID" Type="Cookie"/>
                                <Variable Name="method" Type="URL encoded GET"/>
                                <Variable Name="module" Type="URL encoded GET"/>
                                <Variable Name="password" Type="URL encoded POST"/>
                                <Variable Name="username" Type="URL encoded POST"/>
                                <Variable Name="method" Type="URL encoded GET"/>
                                <Variable Name="module" Type="URL encoded GET"/>
                    </Inputs>
                </SiteFile>
<SiteFile id="7">
                    <Name><![CDATA[script]]></Name>
                    <URL><![CDATA[/web/script/]]></URL>
                    <FullURL><![CDATA[https://protokol.mod.gov.my/web/script/]]></FullURL>
                </SiteFile>
            </SiteFiles>
        </Crawler>
        <ReportItems>
<ReportItem id="1" color="red">
                <Name><![CDATA[SSL certificate invalid date]]></Name>
                <ModuleName><![CDATA[/Scripts/PerServer/SSL_Audit.script]]></ModuleName>
                <Details><![CDATA[<p>The SSL certificate (serial: 13ea28705bf4eced0c36630980614336) has expired..<br/> The certificate validity period is between <strong>Tue May 30 2000 17:48:38 GMT+0700 (SE Asia Standard Time)</strong> and <strong>Sat May 30 2020 17:48:38 GMT+0700 (SE Asia Standard Time)</strong></p>]]></Details>
                <Affects><![CDATA[/]]></Affects>
                <Parameter><![CDATA[]]></Parameter>
                <AOP_SourceFile><![CDATA[]]></AOP_SourceFile>
                <AOP_SourceLine></AOP_SourceLine>
                <AOP_Additional><![CDATA[]]></AOP_Additional>
                <IsFalsePositive><![CDATA[]]></IsFalsePositive>
                <Severity><![CDATA[high]]></Severity>
                <Type><![CDATA[configuration]]></Type>
                <Impact><![CDATA[This SSL certificate is not valid.]]></Impact>
                <Description><![CDATA[This SSL certificate is either expired or not yet valid. Some browsers will continue connecting to the site after presenting the user with the warning, while others will prompt the user with a dialog box requesting their approval to proceed. These warnings are extremely confusing for the typical web user, and cause most users to question the authenticity of the site they are attempting to view.]]></Description>
                <DetailedInformation><![CDATA[]]></DetailedInformation>
                <Recommendation><![CDATA[Verify Start Date and/or End Dates of your SSL Certificate.]]></Recommendation>
                <TechnicalDetails>
                    <Request><![CDATA[]]></Request>
                </TechnicalDetails>
                <CWEList>
                    <CWE id="298"><![CDATA[CWE-298]]></CWE>
                </CWEList>
                <CVEList>
                </CVEList>
                <CVSS>
                  <Descriptor><![CDATA[AV:N/AC:L/Au:N/C:N/I:N/A:N]]></Descriptor>
                  <Score><![CDATA[0.0]]></Score>
                  <AV><![CDATA[Network_Accessible]]></AV>
                  <AC><![CDATA[Low]]></AC>
                  <Au><![CDATA[None]]></Au>
                  <C><![CDATA[None]]></C>
                  <I><![CDATA[None]]></I>
                  <A><![CDATA[None]]></A>
                  <E><![CDATA[]]></E>
                  <RL><![CDATA[]]></RL>
                  <RC><![CDATA[]]></RC>
                </CVSS>
                <CVSS3>
                  <Descriptor><![CDATA[CVSS:3.0/AV:N/AC:L/PR:N/UI:N/S:U/C:N/I:L/A:N]]></Descriptor>
                  <Score><![CDATA[5.3]]></Score>
                  <TempScore><![CDATA[]]></TempScore>
                  <EnvScore><![CDATA[]]></EnvScore>
                  <AV><![CDATA[Network]]></AV>
                  <AC><![CDATA[Low]]></AC>
                  <PR><![CDATA[None]]></PR>
                  <UI><![CDATA[None]]></UI>
                  <S><![CDATA[Unchanged]]></S>
                  <C><![CDATA[None]]></C>
                  <I><![CDATA[Low]]></I>
                  <A><![CDATA[None]]></A>
                  <E><![CDATA[]]></E>
                  <RL><![CDATA[]]></RL>
                  <RC><![CDATA[]]></RC>
                </CVSS3>
                <References>
                </References>
            </ReportItem>
<ReportItem id="2" color="blue">
                <Name><![CDATA[Clickjacking: X-Frame-Options header missing]]></Name>
                <ModuleName><![CDATA[/Scripts/PerServer/Clickjacking_X_Frame_Options.script]]></ModuleName>
                <Details><![CDATA[]]></Details>
                <Affects><![CDATA[/]]></Affects>
                <Parameter><![CDATA[]]></Parameter>
                <AOP_SourceFile><![CDATA[]]></AOP_SourceFile>
                <AOP_SourceLine></AOP_SourceLine>
                <AOP_Additional><![CDATA[]]></AOP_Additional>
                <IsFalsePositive><![CDATA[]]></IsFalsePositive>
                <Severity><![CDATA[low]]></Severity>
                <Type><![CDATA[abuseoffunctionality]]></Type>
                <Impact><![CDATA[The impact depends on the affected web application.]]></Impact>
                <Description><![CDATA[Clickjacking (User Interface redress attack, UI redress attack, UI redressing) is a malicious technique of tricking a Web user into clicking on something different from what the user perceives they are clicking on, thus potentially revealing confidential information or taking control of their computer while clicking on seemingly innocuous web pages. <br/><br/>
The server didn't return an <strong>X-Frame-Options</strong> header which means that this website could be at risk of a clickjacking attack. The X-Frame-Options HTTP response header can be used to indicate whether or not a browser should be allowed to render a page inside a frame or iframe. Sites can use this to avoid clickjacking attacks, by ensuring that their content is not embedded into other sites.]]></Description>
                <DetailedInformation><![CDATA[]]></DetailedInformation>
                <Recommendation><![CDATA[Configure your web server to include an X-Frame-Options header and a CSP header with frame-ancestors directive. Consult Web references for more information about the possible values for this header.]]></Recommendation>
                <TechnicalDetails>
                    <Request><![CDATA[GET / HTTP/1.1
Accept: text/html,application/xhtml+xml,application/xml;q=0.9,*/*;q=0.8
Accept-Encoding: gzip,deflate
Host: protokol.mod.gov.my
User-Agent: Mozilla/5.0 (Windows NT 10.0; Win64; x64) AppleWebKit/537.36 (KHTML, like Gecko) Chrome/73.0.3683.103 Safari/537.36
Connection: Keep-alive
]]></Request>
                </TechnicalDetails>
                <CWEList>
                    <CWE id="693"><![CDATA[CWE-693]]></CWE>
                </CWEList>
                <CVEList>
                </CVEList>
                <CVSS>
                  <Descriptor><![CDATA[AV:N/AC:M/Au:N/C:N/I:P/A:N]]></Descriptor>
                  <Score><![CDATA[4.3]]></Score>
                  <AV><![CDATA[Network_Accessible]]></AV>
                  <AC><![CDATA[Medium]]></AC>
                  <Au><![CDATA[None]]></Au>
                  <C><![CDATA[None]]></C>
                  <I><![CDATA[Partial]]></I>
                  <A><![CDATA[None]]></A>
                  <E><![CDATA[]]></E>
                  <RL><![CDATA[]]></RL>
                  <RC><![CDATA[]]></RC>
                </CVSS>
                <CVSS3>
                  <Descriptor><![CDATA[CVSS:3.1/AV:N/AC:L/PR:N/UI:N/S:C/C:N/I:L/A:N]]></Descriptor>
                  <Score><![CDATA[5.8]]></Score>
                  <TempScore><![CDATA[]]></TempScore>
                  <EnvScore><![CDATA[]]></EnvScore>
                  <AV><![CDATA[Network]]></AV>
                  <AC><![CDATA[Low]]></AC>
                  <PR><![CDATA[None]]></PR>
                  <UI><![CDATA[None]]></UI>
                  <S><![CDATA[Changed]]></S>
                  <C><![CDATA[None]]></C>
                  <I><![CDATA[Low]]></I>
                  <A><![CDATA[None]]></A>
                  <E><![CDATA[]]></E>
                  <RL><![CDATA[]]></RL>
                  <RC><![CDATA[]]></RC>
                </CVSS3>
                <References>
                    <Reference>
                      <Database><![CDATA[The X-Frame-Options response header]]></Database>
                      <URL><![CDATA[https://developer.mozilla.org/en-US/docs/Web/HTTP/Headers/X-Frame-Options]]></URL>
                    </Reference>
                    <Reference>
                      <Database><![CDATA[Clickjacking]]></Database>
                      <URL><![CDATA[https://en.wikipedia.org/wiki/Clickjacking]]></URL>
                    </Reference>
                    <Reference>
                      <Database><![CDATA[OWASP Clickjacking]]></Database>
                      <URL><![CDATA[https://cheatsheetseries.owasp.org/cheatsheets/Clickjacking_Defense_Cheat_Sheet.html]]></URL>
                    </Reference>
                    <Reference>
                      <Database><![CDATA[Frame Buster Buster]]></Database>
                      <URL><![CDATA[https://stackoverflow.com/questions/958997/frame-buster-buster-buster-code-needed]]></URL>
                    </Reference>
                </References>
            </ReportItem>
<ReportItem id="3" color="blue">
                <Name><![CDATA[Cookie(s) with missing, inconsistent, or contradictory properties. (verified)]]></Name>
                <ModuleName><![CDATA[/RPA/Cookie_Validator.js]]></ModuleName>
                <Details><![CDATA[A cookie was set with the following response header: <br/><br/><code>Set-Cookie: PHPSESSID=qgnvoigjfrmkvktvhuv6cppi02; path=/</code><br/><br/>This cookie has the following issues: <br/><br/><li><strong>Cookie without SameSite attribute.</strong> When cookies lack the SameSite attribute, Web browsers may apply different and sometimes unexpected defaults. It is therefore recommended to add a SameSite attribute with an appropriate value of either &quot;Strict&quot;, &quot;Lax&quot;, or &quot;None&quot;.</li>]]></Details>
                <Affects><![CDATA[/]]></Affects>
                <Parameter><![CDATA[]]></Parameter>
                <AOP_SourceFile><![CDATA[]]></AOP_SourceFile>
                <AOP_SourceLine></AOP_SourceLine>
                <AOP_Additional><![CDATA[]]></AOP_Additional>
                <IsFalsePositive><![CDATA[]]></IsFalsePositive>
                <Severity><![CDATA[low]]></Severity>
                <Type><![CDATA[configuration]]></Type>
                <Impact><![CDATA[Cookies will not be stored, or submitted, by web browsers.]]></Impact>
                <Description><![CDATA[At least one of the cookie's properties causes the cookie to be invalid or incompatible with either a different property of the same cookie, of with the environment the cookie is being used in. Although this is not a vulnerability in itself, it will likely lead to unexpected behavior by the application, which in turn may cause secondary security issues.]]></Description>
                <DetailedInformation><![CDATA[]]></DetailedInformation>
                <Recommendation><![CDATA[Ensure that the cookie configuration complies with the applicable standards.]]></Recommendation>
                <TechnicalDetails>
                    <Request><![CDATA[GET /web/ HTTP/1.1
Referer: https://protokol.mod.gov.my/
User-Agent: Mozilla/5.0 (Windows NT 10.0; Win64; x64) AppleWebKit/537.36 (KHTML, like Gecko) Chrome/73.0.3683.103 Safari/537.36
Cookie: PHPSESSID=a8lppltrd5l5tqrnv8v7sh83k6;BNES_PHPSESSID=1g68qQTReLVXRLfqFx0J6ux6KOZV9evT%2BdY%2BVCsONXxNMiTFO2UwV3C80artQsx%2BlJxpOEThaM4Uf8/k4xtzpGxRc9iwyr09WB6jwT/9Ge8=
Accept: text/html,application/xhtml+xml,application/xml;q=0.9,*/*;q=0.8
Accept-Encoding: gzip,deflate
Host: protokol.mod.gov.my
Connection: Keep-alive
]]></Request>
                </TechnicalDetails>
                <CWEList>
                    <CWE id="16"><![CDATA[CWE-16]]></CWE>
                </CWEList>
                <CVEList>
                </CVEList>
                <CVSS>
                  <Descriptor><![CDATA[AV:N/AC:L/Au:N/C:N/I:N/A:N]]></Descriptor>
                  <Score><![CDATA[0.0]]></Score>
                  <AV><![CDATA[Network_Accessible]]></AV>
                  <AC><![CDATA[Low]]></AC>
                  <Au><![CDATA[None]]></Au>
                  <C><![CDATA[None]]></C>
                  <I><![CDATA[None]]></I>
                  <A><![CDATA[None]]></A>
                  <E><![CDATA[]]></E>
                  <RL><![CDATA[]]></RL>
                  <RC><![CDATA[]]></RC>
                </CVSS>
                <CVSS3>
                  <Descriptor><![CDATA[CVSS:3.1/AV:N/AC:L/PR:N/UI:R/S:U/C:N/I:N/A:N]]></Descriptor>
                  <Score><![CDATA[0.0]]></Score>
                  <TempScore><![CDATA[]]></TempScore>
                  <EnvScore><![CDATA[]]></EnvScore>
                  <AV><![CDATA[Network]]></AV>
                  <AC><![CDATA[Low]]></AC>
                  <PR><![CDATA[None]]></PR>
                  <UI><![CDATA[Required]]></UI>
                  <S><![CDATA[Unchanged]]></S>
                  <C><![CDATA[None]]></C>
                  <I><![CDATA[None]]></I>
                  <A><![CDATA[None]]></A>
                  <E><![CDATA[]]></E>
                  <RL><![CDATA[]]></RL>
                  <RC><![CDATA[]]></RC>
                </CVSS3>
                <References>
                    <Reference>
                      <Database><![CDATA[MDN | Set-Cookie]]></Database>
                      <URL><![CDATA[https://developer.mozilla.org/en-US/docs/Web/HTTP/Headers/Set-Cookie]]></URL>
                    </Reference>
                    <Reference>
                      <Database><![CDATA[Securing cookies with cookie prefixes]]></Database>
                      <URL><![CDATA[https://www.sjoerdlangkemper.nl/2017/02/09/cookie-prefixes/]]></URL>
                    </Reference>
                    <Reference>
                      <Database><![CDATA[Cookies: HTTP State Management Mechanism]]></Database>
                      <URL><![CDATA[https://tools.ietf.org/html/draft-ietf-httpbis-rfc6265bis-05]]></URL>
                    </Reference>
                    <Reference>
                      <Database><![CDATA[SameSite Updates - The Chromium Projects]]></Database>
                      <URL><![CDATA[https://www.chromium.org/updates/same-site]]></URL>
                    </Reference>
                    <Reference>
                      <Database><![CDATA[draft-west-first-party-cookies-07: Same-site Cookies]]></Database>
                      <URL><![CDATA[https://tools.ietf.org/html/draft-west-first-party-cookies-07]]></URL>
                    </Reference>
                </References>
            </ReportItem>
<ReportItem id="4" color="blue">
                <Name><![CDATA[Cookie(s) with missing, inconsistent, or contradictory properties. (verified)]]></Name>
                <ModuleName><![CDATA[/RPA/Cookie_Validator.js]]></ModuleName>
                <Details><![CDATA[A cookie was set with the following response header: <br/><br/><code>Set-Cookie: BNES_PHPSESSID=SvXs1/C5sdGtUSvPJn/0liuvWxLtbLkarXLRn9v74nnHu41l0UEEA5XeTGXxHao/WTv7yzBxeLOiENKcgkZPBx7lRBqTPBaNcoKpPcWBtrM=; path=/</code><br/><br/>This cookie has the following issues: <br/><br/><li><strong>Cookie without SameSite attribute.</strong> When cookies lack the SameSite attribute, Web browsers may apply different and sometimes unexpected defaults. It is therefore recommended to add a SameSite attribute with an appropriate value of either &quot;Strict&quot;, &quot;Lax&quot;, or &quot;None&quot;.</li>]]></Details>
                <Affects><![CDATA[/]]></Affects>
                <Parameter><![CDATA[]]></Parameter>
                <AOP_SourceFile><![CDATA[]]></AOP_SourceFile>
                <AOP_SourceLine></AOP_SourceLine>
                <AOP_Additional><![CDATA[]]></AOP_Additional>
                <IsFalsePositive><![CDATA[]]></IsFalsePositive>
                <Severity><![CDATA[low]]></Severity>
                <Type><![CDATA[configuration]]></Type>
                <Impact><![CDATA[Cookies will not be stored, or submitted, by web browsers.]]></Impact>
                <Description><![CDATA[At least one of the cookie's properties causes the cookie to be invalid or incompatible with either a different property of the same cookie, of with the environment the cookie is being used in. Although this is not a vulnerability in itself, it will likely lead to unexpected behavior by the application, which in turn may cause secondary security issues.]]></Description>
                <DetailedInformation><![CDATA[]]></DetailedInformation>
                <Recommendation><![CDATA[Ensure that the cookie configuration complies with the applicable standards.]]></Recommendation>
                <TechnicalDetails>
                    <Request><![CDATA[GET /web/ HTTP/1.1
Referer: https://protokol.mod.gov.my/
User-Agent: Mozilla/5.0 (Windows NT 10.0; Win64; x64) AppleWebKit/537.36 (KHTML, like Gecko) Chrome/73.0.3683.103 Safari/537.36
Cookie: PHPSESSID=a8lppltrd5l5tqrnv8v7sh83k6;BNES_PHPSESSID=1g68qQTReLVXRLfqFx0J6ux6KOZV9evT%2BdY%2BVCsONXxNMiTFO2UwV3C80artQsx%2BlJxpOEThaM4Uf8/k4xtzpGxRc9iwyr09WB6jwT/9Ge8=
Accept: text/html,application/xhtml+xml,application/xml;q=0.9,*/*;q=0.8
Accept-Encoding: gzip,deflate
Host: protokol.mod.gov.my
Connection: Keep-alive
]]></Request>
                </TechnicalDetails>
                <CWEList>
                    <CWE id="16"><![CDATA[CWE-16]]></CWE>
                </CWEList>
                <CVEList>
                </CVEList>
                <CVSS>
                  <Descriptor><![CDATA[AV:N/AC:L/Au:N/C:N/I:N/A:N]]></Descriptor>
                  <Score><![CDATA[0.0]]></Score>
                  <AV><![CDATA[Network_Accessible]]></AV>
                  <AC><![CDATA[Low]]></AC>
                  <Au><![CDATA[None]]></Au>
                  <C><![CDATA[None]]></C>
                  <I><![CDATA[None]]></I>
                  <A><![CDATA[None]]></A>
                  <E><![CDATA[]]></E>
                  <RL><![CDATA[]]></RL>
                  <RC><![CDATA[]]></RC>
                </CVSS>
                <CVSS3>
                  <Descriptor><![CDATA[CVSS:3.1/AV:N/AC:L/PR:N/UI:R/S:U/C:N/I:N/A:N]]></Descriptor>
                  <Score><![CDATA[0.0]]></Score>
                  <TempScore><![CDATA[]]></TempScore>
                  <EnvScore><![CDATA[]]></EnvScore>
                  <AV><![CDATA[Network]]></AV>
                  <AC><![CDATA[Low]]></AC>
                  <PR><![CDATA[None]]></PR>
                  <UI><![CDATA[Required]]></UI>
                  <S><![CDATA[Unchanged]]></S>
                  <C><![CDATA[None]]></C>
                  <I><![CDATA[None]]></I>
                  <A><![CDATA[None]]></A>
                  <E><![CDATA[]]></E>
                  <RL><![CDATA[]]></RL>
                  <RC><![CDATA[]]></RC>
                </CVSS3>
                <References>
                    <Reference>
                      <Database><![CDATA[MDN | Set-Cookie]]></Database>
                      <URL><![CDATA[https://developer.mozilla.org/en-US/docs/Web/HTTP/Headers/Set-Cookie]]></URL>
                    </Reference>
                    <Reference>
                      <Database><![CDATA[Securing cookies with cookie prefixes]]></Database>
                      <URL><![CDATA[https://www.sjoerdlangkemper.nl/2017/02/09/cookie-prefixes/]]></URL>
                    </Reference>
                    <Reference>
                      <Database><![CDATA[Cookies: HTTP State Management Mechanism]]></Database>
                      <URL><![CDATA[https://tools.ietf.org/html/draft-ietf-httpbis-rfc6265bis-05]]></URL>
                    </Reference>
                    <Reference>
                      <Database><![CDATA[SameSite Updates - The Chromium Projects]]></Database>
                      <URL><![CDATA[https://www.chromium.org/updates/same-site]]></URL>
                    </Reference>
                    <Reference>
                      <Database><![CDATA[draft-west-first-party-cookies-07: Same-site Cookies]]></Database>
                      <URL><![CDATA[https://tools.ietf.org/html/draft-west-first-party-cookies-07]]></URL>
                    </Reference>
                </References>
            </ReportItem>
<ReportItem id="5" color="blue">
                <Name><![CDATA[Cookie(s) without HttpOnly flag set (verified)]]></Name>
                <ModuleName><![CDATA[/RPA/Cookie_Without_HttpOnly.js]]></ModuleName>
                <Details><![CDATA[Set-Cookie: PHPSESSID=qgnvoigjfrmkvktvhuv6cppi02; path=/]]></Details>
                <Affects><![CDATA[/]]></Affects>
                <Parameter><![CDATA[]]></Parameter>
                <AOP_SourceFile><![CDATA[]]></AOP_SourceFile>
                <AOP_SourceLine></AOP_SourceLine>
                <AOP_Additional><![CDATA[]]></AOP_Additional>
                <IsFalsePositive><![CDATA[]]></IsFalsePositive>
                <Severity><![CDATA[low]]></Severity>
                <Type><![CDATA[configuration]]></Type>
                <Impact><![CDATA[Cookies can be accessed by client-side scripts.]]></Impact>
                <Description><![CDATA[This cookie does not have the HttpOnly flag set. When a cookie is set with the HttpOnly flag, it instructs the browser that the cookie can only be accessed by the server and not by client-side scripts. This is an important security protection for session cookies.]]></Description>
                <DetailedInformation><![CDATA[]]></DetailedInformation>
                <Recommendation><![CDATA[If possible, you should set the HttpOnly flag for this cookie.]]></Recommendation>
                <TechnicalDetails>
                    <Request><![CDATA[GET /web/ HTTP/1.1
Referer: https://protokol.mod.gov.my/
User-Agent: Mozilla/5.0 (Windows NT 10.0; Win64; x64) AppleWebKit/537.36 (KHTML, like Gecko) Chrome/73.0.3683.103 Safari/537.36
Cookie: PHPSESSID=a8lppltrd5l5tqrnv8v7sh83k6;BNES_PHPSESSID=1g68qQTReLVXRLfqFx0J6ux6KOZV9evT%2BdY%2BVCsONXxNMiTFO2UwV3C80artQsx%2BlJxpOEThaM4Uf8/k4xtzpGxRc9iwyr09WB6jwT/9Ge8=
Accept: text/html,application/xhtml+xml,application/xml;q=0.9,*/*;q=0.8
Accept-Encoding: gzip,deflate
Host: protokol.mod.gov.my
Connection: Keep-alive
]]></Request>
                </TechnicalDetails>
                <CWEList>
                    <CWE id="16"><![CDATA[CWE-16]]></CWE>
                </CWEList>
                <CVEList>
                </CVEList>
                <CVSS>
                  <Descriptor><![CDATA[AV:N/AC:L/Au:N/C:N/I:N/A:N]]></Descriptor>
                  <Score><![CDATA[0.0]]></Score>
                  <AV><![CDATA[Network_Accessible]]></AV>
                  <AC><![CDATA[Low]]></AC>
                  <Au><![CDATA[None]]></Au>
                  <C><![CDATA[None]]></C>
                  <I><![CDATA[None]]></I>
                  <A><![CDATA[None]]></A>
                  <E><![CDATA[]]></E>
                  <RL><![CDATA[]]></RL>
                  <RC><![CDATA[]]></RC>
                </CVSS>
                <CVSS3>
                  <Descriptor><![CDATA[CVSS:3.1/AV:N/AC:L/PR:N/UI:R/S:U/C:N/I:N/A:N]]></Descriptor>
                  <Score><![CDATA[0.0]]></Score>
                  <TempScore><![CDATA[]]></TempScore>
                  <EnvScore><![CDATA[]]></EnvScore>
                  <AV><![CDATA[Network]]></AV>
                  <AC><![CDATA[Low]]></AC>
                  <PR><![CDATA[None]]></PR>
                  <UI><![CDATA[Required]]></UI>
                  <S><![CDATA[Unchanged]]></S>
                  <C><![CDATA[None]]></C>
                  <I><![CDATA[None]]></I>
                  <A><![CDATA[None]]></A>
                  <E><![CDATA[]]></E>
                  <RL><![CDATA[]]></RL>
                  <RC><![CDATA[]]></RC>
                </CVSS3>
                <References>
                </References>
            </ReportItem>
<ReportItem id="6" color="blue">
                <Name><![CDATA[Cookie(s) without HttpOnly flag set (verified)]]></Name>
                <ModuleName><![CDATA[/RPA/Cookie_Without_HttpOnly.js]]></ModuleName>
                <Details><![CDATA[Set-Cookie: BNES_PHPSESSID=SvXs1/C5sdGtUSvPJn/0liuvWxLtbLkarXLRn9v74nnHu41l0UEEA5XeTGXxHao/WTv7yzBxeLOiENKcgkZPBx7lRBqTPBaNcoKpPcWBtrM=; path=/]]></Details>
                <Affects><![CDATA[/]]></Affects>
                <Parameter><![CDATA[]]></Parameter>
                <AOP_SourceFile><![CDATA[]]></AOP_SourceFile>
                <AOP_SourceLine></AOP_SourceLine>
                <AOP_Additional><![CDATA[]]></AOP_Additional>
                <IsFalsePositive><![CDATA[]]></IsFalsePositive>
                <Severity><![CDATA[low]]></Severity>
                <Type><![CDATA[configuration]]></Type>
                <Impact><![CDATA[Cookies can be accessed by client-side scripts.]]></Impact>
                <Description><![CDATA[This cookie does not have the HttpOnly flag set. When a cookie is set with the HttpOnly flag, it instructs the browser that the cookie can only be accessed by the server and not by client-side scripts. This is an important security protection for session cookies.]]></Description>
                <DetailedInformation><![CDATA[]]></DetailedInformation>
                <Recommendation><![CDATA[If possible, you should set the HttpOnly flag for this cookie.]]></Recommendation>
                <TechnicalDetails>
                    <Request><![CDATA[GET /web/ HTTP/1.1
Referer: https://protokol.mod.gov.my/
User-Agent: Mozilla/5.0 (Windows NT 10.0; Win64; x64) AppleWebKit/537.36 (KHTML, like Gecko) Chrome/73.0.3683.103 Safari/537.36
Cookie: PHPSESSID=a8lppltrd5l5tqrnv8v7sh83k6;BNES_PHPSESSID=1g68qQTReLVXRLfqFx0J6ux6KOZV9evT%2BdY%2BVCsONXxNMiTFO2UwV3C80artQsx%2BlJxpOEThaM4Uf8/k4xtzpGxRc9iwyr09WB6jwT/9Ge8=
Accept: text/html,application/xhtml+xml,application/xml;q=0.9,*/*;q=0.8
Accept-Encoding: gzip,deflate
Host: protokol.mod.gov.my
Connection: Keep-alive
]]></Request>
                </TechnicalDetails>
                <CWEList>
                    <CWE id="16"><![CDATA[CWE-16]]></CWE>
                </CWEList>
                <CVEList>
                </CVEList>
                <CVSS>
                  <Descriptor><![CDATA[AV:N/AC:L/Au:N/C:N/I:N/A:N]]></Descriptor>
                  <Score><![CDATA[0.0]]></Score>
                  <AV><![CDATA[Network_Accessible]]></AV>
                  <AC><![CDATA[Low]]></AC>
                  <Au><![CDATA[None]]></Au>
                  <C><![CDATA[None]]></C>
                  <I><![CDATA[None]]></I>
                  <A><![CDATA[None]]></A>
                  <E><![CDATA[]]></E>
                  <RL><![CDATA[]]></RL>
                  <RC><![CDATA[]]></RC>
                </CVSS>
                <CVSS3>
                  <Descriptor><![CDATA[CVSS:3.1/AV:N/AC:L/PR:N/UI:R/S:U/C:N/I:N/A:N]]></Descriptor>
                  <Score><![CDATA[0.0]]></Score>
                  <TempScore><![CDATA[]]></TempScore>
                  <EnvScore><![CDATA[]]></EnvScore>
                  <AV><![CDATA[Network]]></AV>
                  <AC><![CDATA[Low]]></AC>
                  <PR><![CDATA[None]]></PR>
                  <UI><![CDATA[Required]]></UI>
                  <S><![CDATA[Unchanged]]></S>
                  <C><![CDATA[None]]></C>
                  <I><![CDATA[None]]></I>
                  <A><![CDATA[None]]></A>
                  <E><![CDATA[]]></E>
                  <RL><![CDATA[]]></RL>
                  <RC><![CDATA[]]></RC>
                </CVSS3>
                <References>
                </References>
            </ReportItem>
<ReportItem id="7" color="blue">
                <Name><![CDATA[Cookie(s) without Secure flag set (verified)]]></Name>
                <ModuleName><![CDATA[/RPA/Cookie_Without_Secure.js]]></ModuleName>
                <Details><![CDATA[Set-Cookie: PHPSESSID=qgnvoigjfrmkvktvhuv6cppi02; path=/]]></Details>
                <Affects><![CDATA[/]]></Affects>
                <Parameter><![CDATA[]]></Parameter>
                <AOP_SourceFile><![CDATA[]]></AOP_SourceFile>
                <AOP_SourceLine></AOP_SourceLine>
                <AOP_Additional><![CDATA[]]></AOP_Additional>
                <IsFalsePositive><![CDATA[]]></IsFalsePositive>
                <Severity><![CDATA[low]]></Severity>
                <Type><![CDATA[configuration]]></Type>
                <Impact><![CDATA[Cookies could be sent over unencrypted channels.]]></Impact>
                <Description><![CDATA[This cookie does not have the Secure flag set. When a cookie is set with the Secure flag, it instructs the browser that the cookie can only be accessed over secure SSL/TLS channels. This is an important security protection for session cookies.]]></Description>
                <DetailedInformation><![CDATA[]]></DetailedInformation>
                <Recommendation><![CDATA[If possible, you should set the Secure flag for this cookie.]]></Recommendation>
                <TechnicalDetails>
                    <Request><![CDATA[GET /web/ HTTP/1.1
Referer: https://protokol.mod.gov.my/
User-Agent: Mozilla/5.0 (Windows NT 10.0; Win64; x64) AppleWebKit/537.36 (KHTML, like Gecko) Chrome/73.0.3683.103 Safari/537.36
Cookie: PHPSESSID=a8lppltrd5l5tqrnv8v7sh83k6;BNES_PHPSESSID=1g68qQTReLVXRLfqFx0J6ux6KOZV9evT%2BdY%2BVCsONXxNMiTFO2UwV3C80artQsx%2BlJxpOEThaM4Uf8/k4xtzpGxRc9iwyr09WB6jwT/9Ge8=
Accept: text/html,application/xhtml+xml,application/xml;q=0.9,*/*;q=0.8
Accept-Encoding: gzip,deflate
Host: protokol.mod.gov.my
Connection: Keep-alive
]]></Request>
                </TechnicalDetails>
                <CWEList>
                    <CWE id="16"><![CDATA[CWE-16]]></CWE>
                </CWEList>
                <CVEList>
                </CVEList>
                <CVSS>
                  <Descriptor><![CDATA[AV:N/AC:L/Au:N/C:N/I:N/A:N]]></Descriptor>
                  <Score><![CDATA[0.0]]></Score>
                  <AV><![CDATA[Network_Accessible]]></AV>
                  <AC><![CDATA[Low]]></AC>
                  <Au><![CDATA[None]]></Au>
                  <C><![CDATA[None]]></C>
                  <I><![CDATA[None]]></I>
                  <A><![CDATA[None]]></A>
                  <E><![CDATA[]]></E>
                  <RL><![CDATA[]]></RL>
                  <RC><![CDATA[]]></RC>
                </CVSS>
                <CVSS3>
                  <Descriptor><![CDATA[CVSS:3.1/AV:N/AC:L/PR:N/UI:R/S:U/C:N/I:N/A:N]]></Descriptor>
                  <Score><![CDATA[0.0]]></Score>
                  <TempScore><![CDATA[]]></TempScore>
                  <EnvScore><![CDATA[]]></EnvScore>
                  <AV><![CDATA[Network]]></AV>
                  <AC><![CDATA[Low]]></AC>
                  <PR><![CDATA[None]]></PR>
                  <UI><![CDATA[Required]]></UI>
                  <S><![CDATA[Unchanged]]></S>
                  <C><![CDATA[None]]></C>
                  <I><![CDATA[None]]></I>
                  <A><![CDATA[None]]></A>
                  <E><![CDATA[]]></E>
                  <RL><![CDATA[]]></RL>
                  <RC><![CDATA[]]></RC>
                </CVSS3>
                <References>
                </References>
            </ReportItem>
<ReportItem id="8" color="blue">
                <Name><![CDATA[Cookie(s) without Secure flag set (verified)]]></Name>
                <ModuleName><![CDATA[/RPA/Cookie_Without_Secure.js]]></ModuleName>
                <Details><![CDATA[Set-Cookie: BNES_PHPSESSID=SvXs1/C5sdGtUSvPJn/0liuvWxLtbLkarXLRn9v74nnHu41l0UEEA5XeTGXxHao/WTv7yzBxeLOiENKcgkZPBx7lRBqTPBaNcoKpPcWBtrM=; path=/]]></Details>
                <Affects><![CDATA[/]]></Affects>
                <Parameter><![CDATA[]]></Parameter>
                <AOP_SourceFile><![CDATA[]]></AOP_SourceFile>
                <AOP_SourceLine></AOP_SourceLine>
                <AOP_Additional><![CDATA[]]></AOP_Additional>
                <IsFalsePositive><![CDATA[]]></IsFalsePositive>
                <Severity><![CDATA[low]]></Severity>
                <Type><![CDATA[configuration]]></Type>
                <Impact><![CDATA[Cookies could be sent over unencrypted channels.]]></Impact>
                <Description><![CDATA[This cookie does not have the Secure flag set. When a cookie is set with the Secure flag, it instructs the browser that the cookie can only be accessed over secure SSL/TLS channels. This is an important security protection for session cookies.]]></Description>
                <DetailedInformation><![CDATA[]]></DetailedInformation>
                <Recommendation><![CDATA[If possible, you should set the Secure flag for this cookie.]]></Recommendation>
                <TechnicalDetails>
                    <Request><![CDATA[GET /web/ HTTP/1.1
Referer: https://protokol.mod.gov.my/
User-Agent: Mozilla/5.0 (Windows NT 10.0; Win64; x64) AppleWebKit/537.36 (KHTML, like Gecko) Chrome/73.0.3683.103 Safari/537.36
Cookie: PHPSESSID=a8lppltrd5l5tqrnv8v7sh83k6;BNES_PHPSESSID=1g68qQTReLVXRLfqFx0J6ux6KOZV9evT%2BdY%2BVCsONXxNMiTFO2UwV3C80artQsx%2BlJxpOEThaM4Uf8/k4xtzpGxRc9iwyr09WB6jwT/9Ge8=
Accept: text/html,application/xhtml+xml,application/xml;q=0.9,*/*;q=0.8
Accept-Encoding: gzip,deflate
Host: protokol.mod.gov.my
Connection: Keep-alive
]]></Request>
                </TechnicalDetails>
                <CWEList>
                    <CWE id="16"><![CDATA[CWE-16]]></CWE>
                </CWEList>
                <CVEList>
                </CVEList>
                <CVSS>
                  <Descriptor><![CDATA[AV:N/AC:L/Au:N/C:N/I:N/A:N]]></Descriptor>
                  <Score><![CDATA[0.0]]></Score>
                  <AV><![CDATA[Network_Accessible]]></AV>
                  <AC><![CDATA[Low]]></AC>
                  <Au><![CDATA[None]]></Au>
                  <C><![CDATA[None]]></C>
                  <I><![CDATA[None]]></I>
                  <A><![CDATA[None]]></A>
                  <E><![CDATA[]]></E>
                  <RL><![CDATA[]]></RL>
                  <RC><![CDATA[]]></RC>
                </CVSS>
                <CVSS3>
                  <Descriptor><![CDATA[CVSS:3.1/AV:N/AC:L/PR:N/UI:R/S:U/C:N/I:N/A:N]]></Descriptor>
                  <Score><![CDATA[0.0]]></Score>
                  <TempScore><![CDATA[]]></TempScore>
                  <EnvScore><![CDATA[]]></EnvScore>
                  <AV><![CDATA[Network]]></AV>
                  <AC><![CDATA[Low]]></AC>
                  <PR><![CDATA[None]]></PR>
                  <UI><![CDATA[Required]]></UI>
                  <S><![CDATA[Unchanged]]></S>
                  <C><![CDATA[None]]></C>
                  <I><![CDATA[None]]></I>
                  <A><![CDATA[None]]></A>
                  <E><![CDATA[]]></E>
                  <RL><![CDATA[]]></RL>
                  <RC><![CDATA[]]></RC>
                </CVSS3>
                <References>
                </References>
            </ReportItem>
<ReportItem id="9" color="blue">
                <Name><![CDATA[HTTP Strict Transport Security (HSTS) not implemented]]></Name>
                <ModuleName><![CDATA[/httpdata/HSTS_not_implemented.js]]></ModuleName>
                <Details><![CDATA[]]></Details>
                <Affects><![CDATA[/]]></Affects>
                <Parameter><![CDATA[]]></Parameter>
                <AOP_SourceFile><![CDATA[]]></AOP_SourceFile>
                <AOP_SourceLine></AOP_SourceLine>
                <AOP_Additional><![CDATA[]]></AOP_Additional>
                <IsFalsePositive><![CDATA[]]></IsFalsePositive>
                <Severity><![CDATA[low]]></Severity>
                <Type><![CDATA[]]></Type>
                <Impact><![CDATA[HSTS can be used to prevent and/or mitigate some types of man-in-the-middle (MitM) attacks]]></Impact>
                <Description><![CDATA[HTTP Strict Transport Security (HSTS) tells a browser that a web site is only accessable using HTTPS.
        It was detected that your web application doesn't implement HTTP Strict Transport Security (HSTS) as the Strict Transport Security header is missing from the response.]]></Description>
                <DetailedInformation><![CDATA[]]></DetailedInformation>
                <Recommendation><![CDATA[It's recommended to implement HTTP Strict Transport Security (HSTS) into your web application. Consult web references for more information]]></Recommendation>
                <TechnicalDetails>
                    <Request><![CDATA[GET / HTTP/1.1
Referer: https://protokol.mod.gov.my/
Accept: text/html,application/xhtml+xml,application/xml;q=0.9,*/*;q=0.8
Accept-Encoding: gzip,deflate
Host: protokol.mod.gov.my
User-Agent: Mozilla/5.0 (Windows NT 10.0; Win64; x64) AppleWebKit/537.36 (KHTML, like Gecko) Chrome/73.0.3683.103 Safari/537.36
Connection: Keep-alive
]]></Request>
                </TechnicalDetails>
                <CWEList>
                    <CWE id="16"><![CDATA[CWE-16]]></CWE>
                </CWEList>
                <CVEList>
                </CVEList>
                <CVSS>
                  <Descriptor><![CDATA[AV:N/AC:L/Au:N/C:N/I:N/A:N]]></Descriptor>
                  <Score><![CDATA[0.0]]></Score>
                  <AV><![CDATA[Network_Accessible]]></AV>
                  <AC><![CDATA[Low]]></AC>
                  <Au><![CDATA[None]]></Au>
                  <C><![CDATA[None]]></C>
                  <I><![CDATA[None]]></I>
                  <A><![CDATA[None]]></A>
                  <E><![CDATA[]]></E>
                  <RL><![CDATA[]]></RL>
                  <RC><![CDATA[]]></RC>
                </CVSS>
                <CVSS3>
                  <Descriptor><![CDATA[CVSS:3.1/AV:N/AC:L/PR:N/UI:R/S:C/C:N/I:N/A:N]]></Descriptor>
                  <Score><![CDATA[0.0]]></Score>
                  <TempScore><![CDATA[]]></TempScore>
                  <EnvScore><![CDATA[]]></EnvScore>
                  <AV><![CDATA[Network]]></AV>
                  <AC><![CDATA[Low]]></AC>
                  <PR><![CDATA[None]]></PR>
                  <UI><![CDATA[Required]]></UI>
                  <S><![CDATA[Changed]]></S>
                  <C><![CDATA[None]]></C>
                  <I><![CDATA[None]]></I>
                  <A><![CDATA[None]]></A>
                  <E><![CDATA[]]></E>
                  <RL><![CDATA[]]></RL>
                  <RC><![CDATA[]]></RC>
                </CVSS3>
                <References>
                    <Reference>
                      <Database><![CDATA[hstspreload.org]]></Database>
                      <URL><![CDATA[https://hstspreload.org/]]></URL>
                    </Reference>
                    <Reference>
                      <Database><![CDATA[Strict-Transport-Security]]></Database>
                      <URL><![CDATA[https://developer.mozilla.org/en-US/docs/Web/HTTP/Headers/Strict-Transport-Security]]></URL>
                    </Reference>
                </References>
            </ReportItem>
<ReportItem id="10" color="blue">
                <Name><![CDATA[Login page password-guessing attack]]></Name>
                <ModuleName><![CDATA[/httpdata/html_auth_weak_creds.js]]></ModuleName>
                <Details><![CDATA[]]></Details>
                <Affects><![CDATA[/web/]]></Affects>
                <Parameter><![CDATA[]]></Parameter>
                <AOP_SourceFile><![CDATA[]]></AOP_SourceFile>
                <AOP_SourceLine></AOP_SourceLine>
                <AOP_Additional><![CDATA[]]></AOP_Additional>
                <IsFalsePositive><![CDATA[]]></IsFalsePositive>
                <Severity><![CDATA[low]]></Severity>
                <Type><![CDATA[abuseoffunctionality]]></Type>
                <Impact><![CDATA[An attacker may attempt to discover a weak password by systematically trying every possible combination of letters, numbers, and symbols until it discovers the one correct combination that works.]]></Impact>
                <Description><![CDATA[A common threat web developers face is a password-guessing attack known as a brute force attack. A brute-force attack is an attempt to discover a password by systematically trying every possible combination of letters, numbers, and symbols until you discover the one correct combination that works. <br/><br/>
This login page doesn't have any protection against password-guessing attacks (brute force attacks). It's recommended to implement some type of account lockout after a defined number of incorrect password attempts. Consult Web references for more information about fixing this problem.]]></Description>
                <DetailedInformation><![CDATA[]]></DetailedInformation>
                <Recommendation><![CDATA[It's recommended to implement some type of account lockout after a defined number of incorrect password attempts.]]></Recommendation>
                <TechnicalDetails>
                    <Request><![CDATA[POST /web/?module=Login&amp;method=process HTTP/1.1
Referer: https://protokol.mod.gov.my/web/
Cookie: PHPSESSID=i5sstvb38mb3ncsage7quijdh4;BNES_PHPSESSID=4ZSl/VExMMz6Sygc3klgI/7mPasoFPaanSVhpc4DcOXOVaLek092e810NGIrZMzD6Ha6Dmu7m4qn1JCziFzZMErXKqAIZ0+xt/A5T5pY2Fg=;
Content-Type: application/x-www-form-urlencoded
Accept: text/html,application/xhtml+xml,application/xml;q=0.9,*/*;q=0.8
Accept-Encoding: gzip,deflate
Content-Length: 44
Host: protokol.mod.gov.my
User-Agent: Mozilla/5.0 (Windows NT 10.0; Win64; x64) AppleWebKit/537.36 (KHTML, like Gecko) Chrome/73.0.3683.103 Safari/537.36
Connection: Keep-alive
username=author&amp;password=testing&amp;=Log Masuk&amp;]]></Request>
                </TechnicalDetails>
                <CWEList>
                    <CWE id="307"><![CDATA[CWE-307]]></CWE>
                </CWEList>
                <CVEList>
                </CVEList>
                <CVSS>
                  <Descriptor><![CDATA[AV:N/AC:L/Au:N/C:P/I:N/A:N]]></Descriptor>
                  <Score><![CDATA[5.0]]></Score>
                  <AV><![CDATA[Network_Accessible]]></AV>
                  <AC><![CDATA[Low]]></AC>
                  <Au><![CDATA[None]]></Au>
                  <C><![CDATA[Partial]]></C>
                  <I><![CDATA[None]]></I>
                  <A><![CDATA[None]]></A>
                  <E><![CDATA[]]></E>
                  <RL><![CDATA[]]></RL>
                  <RC><![CDATA[]]></RC>
                </CVSS>
                <CVSS3>
                  <Descriptor><![CDATA[CVSS:3.0/AV:N/AC:L/PR:N/UI:N/S:U/C:N/I:N/A:L]]></Descriptor>
                  <Score><![CDATA[5.3]]></Score>
                  <TempScore><![CDATA[]]></TempScore>
                  <EnvScore><![CDATA[]]></EnvScore>
                  <AV><![CDATA[Network]]></AV>
                  <AC><![CDATA[Low]]></AC>
                  <PR><![CDATA[None]]></PR>
                  <UI><![CDATA[None]]></UI>
                  <S><![CDATA[Unchanged]]></S>
                  <C><![CDATA[None]]></C>
                  <I><![CDATA[None]]></I>
                  <A><![CDATA[Low]]></A>
                  <E><![CDATA[]]></E>
                  <RL><![CDATA[]]></RL>
                  <RC><![CDATA[]]></RC>
                </CVSS3>
                <References>
                    <Reference>
                      <Database><![CDATA[Blocking Brute Force Attacks]]></Database>
                      <URL><![CDATA[https://www.owasp.org/index.php/Blocking_Brute_Force_Attacks]]></URL>
                    </Reference>
                </References>
            </ReportItem>
<ReportItem id="11" color="blue">
                <Name><![CDATA[Login page password-guessing attack]]></Name>
                <ModuleName><![CDATA[/httpdata/html_auth_weak_creds.js]]></ModuleName>
                <Details><![CDATA[]]></Details>
                <Affects><![CDATA[/web/index.php]]></Affects>
                <Parameter><![CDATA[]]></Parameter>
                <AOP_SourceFile><![CDATA[]]></AOP_SourceFile>
                <AOP_SourceLine></AOP_SourceLine>
                <AOP_Additional><![CDATA[]]></AOP_Additional>
                <IsFalsePositive><![CDATA[]]></IsFalsePositive>
                <Severity><![CDATA[low]]></Severity>
                <Type><![CDATA[abuseoffunctionality]]></Type>
                <Impact><![CDATA[An attacker may attempt to discover a weak password by systematically trying every possible combination of letters, numbers, and symbols until it discovers the one correct combination that works.]]></Impact>
                <Description><![CDATA[A common threat web developers face is a password-guessing attack known as a brute force attack. A brute-force attack is an attempt to discover a password by systematically trying every possible combination of letters, numbers, and symbols until you discover the one correct combination that works. <br/><br/>
This login page doesn't have any protection against password-guessing attacks (brute force attacks). It's recommended to implement some type of account lockout after a defined number of incorrect password attempts. Consult Web references for more information about fixing this problem.]]></Description>
                <DetailedInformation><![CDATA[]]></DetailedInformation>
                <Recommendation><![CDATA[It's recommended to implement some type of account lockout after a defined number of incorrect password attempts.]]></Recommendation>
                <TechnicalDetails>
                    <Request><![CDATA[POST /web/index.php?module=Login&amp;method=process HTTP/1.1
Referer: https://protokol.mod.gov.my/web/index.php
Cookie: PHPSESSID=a1l5n7vlpaql550uoq4aan93s5;BNES_PHPSESSID=VxzDAgQ/2TM9FUOrFOthqAWlWVM9pQQtJdq6MRpM+VukgTU/gnE7t3CPo2RbtSCPyrSjpySl0TidQ7T3IBNfskiZEmW1nVSiRuxSNAGXo2g=;
Content-Type: application/x-www-form-urlencoded
Accept: text/html,application/xhtml+xml,application/xml;q=0.9,*/*;q=0.8
Accept-Encoding: gzip,deflate
Content-Length: 44
Host: protokol.mod.gov.my
User-Agent: Mozilla/5.0 (Windows NT 10.0; Win64; x64) AppleWebKit/537.36 (KHTML, like Gecko) Chrome/73.0.3683.103 Safari/537.36
Connection: Keep-alive
username=author&amp;password=testing&amp;=Log Masuk&amp;]]></Request>
                </TechnicalDetails>
                <CWEList>
                    <CWE id="307"><![CDATA[CWE-307]]></CWE>
                </CWEList>
                <CVEList>
                </CVEList>
                <CVSS>
                  <Descriptor><![CDATA[AV:N/AC:L/Au:N/C:P/I:N/A:N]]></Descriptor>
                  <Score><![CDATA[5.0]]></Score>
                  <AV><![CDATA[Network_Accessible]]></AV>
                  <AC><![CDATA[Low]]></AC>
                  <Au><![CDATA[None]]></Au>
                  <C><![CDATA[Partial]]></C>
                  <I><![CDATA[None]]></I>
                  <A><![CDATA[None]]></A>
                  <E><![CDATA[]]></E>
                  <RL><![CDATA[]]></RL>
                  <RC><![CDATA[]]></RC>
                </CVSS>
                <CVSS3>
                  <Descriptor><![CDATA[CVSS:3.0/AV:N/AC:L/PR:N/UI:N/S:U/C:N/I:N/A:L]]></Descriptor>
                  <Score><![CDATA[5.3]]></Score>
                  <TempScore><![CDATA[]]></TempScore>
                  <EnvScore><![CDATA[]]></EnvScore>
                  <AV><![CDATA[Network]]></AV>
                  <AC><![CDATA[Low]]></AC>
                  <PR><![CDATA[None]]></PR>
                  <UI><![CDATA[None]]></UI>
                  <S><![CDATA[Unchanged]]></S>
                  <C><![CDATA[None]]></C>
                  <I><![CDATA[None]]></I>
                  <A><![CDATA[Low]]></A>
                  <E><![CDATA[]]></E>
                  <RL><![CDATA[]]></RL>
                  <RC><![CDATA[]]></RC>
                </CVSS3>
                <References>
                    <Reference>
                      <Database><![CDATA[Blocking Brute Force Attacks]]></Database>
                      <URL><![CDATA[https://www.owasp.org/index.php/Blocking_Brute_Force_Attacks]]></URL>
                    </Reference>
                </References>
            </ReportItem>
<ReportItem id="12" color="blue">
                <Name><![CDATA[Possible relative path overwrite]]></Name>
                <ModuleName><![CDATA[/Scripts/PerFile/Relative_Path_Overwrite.script]]></ModuleName>
                <Details><![CDATA[A CSS import from a relative path was found on this page: <pre>&lt;link rel=&quot;stylesheet&quot; type=&quot;text/css&quot; href=&quot;css/page_style.css&quot; /&gt;</pre> The same relative CSS import is present even when a random string was placed after the filename. Also, the response is frameable.]]></Details>
                <Affects><![CDATA[/web/index.php]]></Affects>
                <Parameter><![CDATA[]]></Parameter>
                <AOP_SourceFile><![CDATA[]]></AOP_SourceFile>
                <AOP_SourceLine></AOP_SourceLine>
                <AOP_Additional><![CDATA[]]></AOP_Additional>
                <IsFalsePositive><![CDATA[]]></IsFalsePositive>
                <Severity><![CDATA[low]]></Severity>
                <Type><![CDATA[abuseoffunctionality]]></Type>
                <Impact><![CDATA[On older versions of Internet Explorer it's possible to execute arbitrary JavaScript code using Internet Explorer's expression() function. An attacker can also extract the page source and potentially steal CSRF tokens using CSS selectors.]]></Impact>
                <Description><![CDATA[<div class="bb-coolbox"><span class="bb-dark">Manual confirmation is required for this alert.</span></div><br/>
Gareth Heyes introduced a technique to take advantage of CSS imports with relative URLs by overwriting their target file. This technique can be used by an attacker to trick browsers into importing HTML pages as CSS stylesheets. If the attacker can control a part of the imported HTML pages he can abuse this issue to inject arbitrary CSS rules.]]></Description>
                <DetailedInformation><![CDATA[]]></DetailedInformation>
                <Recommendation><![CDATA[If possible, it's recommended to use absolute links for CSS imports. The problem can be partially mitigated by preventing framing. To prevent framing configure your web server to include an  X-Frame-Options: deny header on all pages.]]></Recommendation>
                <TechnicalDetails>
                    <Request><![CDATA[GET /web/index.php/gTjxD/ HTTP/1.1
Cookie: PHPSESSID=a8lppltrd5l5tqrnv8v7sh83k6;BNES_PHPSESSID=1g68qQTReLVXRLfqFx0J6ux6KOZV9evT+dY+VCsONXxNMiTFO2UwV3C80artQsx+lJxpOEThaM4Uf8/k4xtzpGxRc9iwyr09WB6jwT/9Ge8=
Accept: text/html,application/xhtml+xml,application/xml;q=0.9,*/*;q=0.8
Accept-Encoding: gzip,deflate
Host: protokol.mod.gov.my
User-Agent: Mozilla/5.0 (Windows NT 10.0; Win64; x64) AppleWebKit/537.36 (KHTML, like Gecko) Chrome/73.0.3683.103 Safari/537.36
Connection: Keep-alive
]]></Request>
                </TechnicalDetails>
                <CWEList>
                    <CWE id="20"><![CDATA[CWE-20]]></CWE>
                </CWEList>
                <CVEList>
                </CVEList>
                <CVSS>
                  <Descriptor><![CDATA[AV:N/AC:L/Au:N/C:N/I:N/A:N]]></Descriptor>
                  <Score><![CDATA[0.0]]></Score>
                  <AV><![CDATA[Network_Accessible]]></AV>
                  <AC><![CDATA[Low]]></AC>
                  <Au><![CDATA[None]]></Au>
                  <C><![CDATA[None]]></C>
                  <I><![CDATA[None]]></I>
                  <A><![CDATA[None]]></A>
                  <E><![CDATA[]]></E>
                  <RL><![CDATA[]]></RL>
                  <RC><![CDATA[]]></RC>
                </CVSS>
                <CVSS3>
                  <Descriptor><![CDATA[CVSS:3.1/AV:N/AC:L/PR:N/UI:R/S:C/C:N/I:N/A:N]]></Descriptor>
                  <Score><![CDATA[0.0]]></Score>
                  <TempScore><![CDATA[]]></TempScore>
                  <EnvScore><![CDATA[]]></EnvScore>
                  <AV><![CDATA[Network]]></AV>
                  <AC><![CDATA[Low]]></AC>
                  <PR><![CDATA[None]]></PR>
                  <UI><![CDATA[Required]]></UI>
                  <S><![CDATA[Changed]]></S>
                  <C><![CDATA[None]]></C>
                  <I><![CDATA[None]]></I>
                  <A><![CDATA[None]]></A>
                  <E><![CDATA[]]></E>
                  <RL><![CDATA[]]></RL>
                  <RC><![CDATA[]]></RC>
                </CVSS3>
                <References>
                    <Reference>
                      <Database><![CDATA[Relative Path Overwrite]]></Database>
                      <URL><![CDATA[http://www.thespanner.co.uk/2014/03/21/rpo/]]></URL>
                    </Reference>
                </References>
            </ReportItem>
<ReportItem id="13" color="green">
                <Name><![CDATA[Content Security Policy (CSP) not implemented]]></Name>
                <ModuleName><![CDATA[/httpdata/CSP_not_implemented.js]]></ModuleName>
                <Details><![CDATA[]]></Details>
                <Affects><![CDATA[/]]></Affects>
                <Parameter><![CDATA[]]></Parameter>
                <AOP_SourceFile><![CDATA[]]></AOP_SourceFile>
                <AOP_SourceLine></AOP_SourceLine>
                <AOP_Additional><![CDATA[]]></AOP_Additional>
                <IsFalsePositive><![CDATA[]]></IsFalsePositive>
                <Severity><![CDATA[informational]]></Severity>
                <Type><![CDATA[configuration]]></Type>
                <Impact><![CDATA[CSP can be used to prevent and/or mitigate attacks that involve content/code injection, such as cross-site scripting/XSS attacks, attacks that require embedding a malicious resource, attacks that involve malicious use of iframes, such as clickjacking attacks, and others.]]></Impact>
                <Description><![CDATA[Content Security Policy (CSP) is an added layer of security that helps to detect and mitigate certain types of attacks, including Cross Site Scripting (XSS) and data injection attacks. <br/><br/>
Content Security Policy (CSP) can be implemented by adding a <strong>Content-Security-Policy</strong> header. The value of this header is a string containing the policy directives describing your Content Security Policy. To implement CSP, you should define lists of allowed origins for the all of the types of resources that your site utilizes. For example, if you have a simple site that needs to load scripts, stylesheets, and images hosted locally, as well as from the jQuery library from their CDN, the CSP header could look like the following:
<pre><code>
Content-Security-Policy:
    default-src 'self';
    script-src 'self' https://code.jquery.com;
</code></pre>
<br/><br/>
It was detected that your web application doesn't implement Content Security Policy (CSP) as the CSP header is missing from the response. It's recommended to implement Content Security Policy (CSP) into your web application.]]></Description>
                <DetailedInformation><![CDATA[]]></DetailedInformation>
                <Recommendation><![CDATA[It's recommended to implement Content Security Policy (CSP) into your web application. Configuring Content Security Policy involves adding the <strong>Content-Security-Policy</strong> HTTP header to a web page and giving it values to control resources the user agent is allowed to load for that page.]]></Recommendation>
                <TechnicalDetails>
                    <Request><![CDATA[GET / HTTP/1.1
Referer: https://protokol.mod.gov.my/
Accept: text/html,application/xhtml+xml,application/xml;q=0.9,*/*;q=0.8
Accept-Encoding: gzip,deflate
Host: protokol.mod.gov.my
User-Agent: Mozilla/5.0 (Windows NT 10.0; Win64; x64) AppleWebKit/537.36 (KHTML, like Gecko) Chrome/73.0.3683.103 Safari/537.36
Connection: Keep-alive
]]></Request>
                </TechnicalDetails>
                <CWEList>
                    <CWE id="16"><![CDATA[CWE-16]]></CWE>
                </CWEList>
                <CVEList>
                </CVEList>
                <CVSS>
                  <Descriptor><![CDATA[AV:N/AC:L/Au:N/C:N/I:N/A:N]]></Descriptor>
                  <Score><![CDATA[0.0]]></Score>
                  <AV><![CDATA[Network_Accessible]]></AV>
                  <AC><![CDATA[Low]]></AC>
                  <Au><![CDATA[None]]></Au>
                  <C><![CDATA[None]]></C>
                  <I><![CDATA[None]]></I>
                  <A><![CDATA[None]]></A>
                  <E><![CDATA[]]></E>
                  <RL><![CDATA[]]></RL>
                  <RC><![CDATA[]]></RC>
                </CVSS>
                <CVSS3>
                  <Descriptor><![CDATA[CVSS:3.1/AV:N/AC:L/PR:N/UI:R/S:C/C:N/I:N/A:N]]></Descriptor>
                  <Score><![CDATA[0.0]]></Score>
                  <TempScore><![CDATA[]]></TempScore>
                  <EnvScore><![CDATA[]]></EnvScore>
                  <AV><![CDATA[Network]]></AV>
                  <AC><![CDATA[Low]]></AC>
                  <PR><![CDATA[None]]></PR>
                  <UI><![CDATA[Required]]></UI>
                  <S><![CDATA[Changed]]></S>
                  <C><![CDATA[None]]></C>
                  <I><![CDATA[None]]></I>
                  <A><![CDATA[None]]></A>
                  <E><![CDATA[]]></E>
                  <RL><![CDATA[]]></RL>
                  <RC><![CDATA[]]></RC>
                </CVSS3>
                <References>
                    <Reference>
                      <Database><![CDATA[Content Security Policy (CSP)]]></Database>
                      <URL><![CDATA[https://developer.mozilla.org/en-US/docs/Web/HTTP/CSP]]></URL>
                    </Reference>
                    <Reference>
                      <Database><![CDATA[Implementing Content Security Policy]]></Database>
                      <URL><![CDATA[https://hacks.mozilla.org/2016/02/implementing-content-security-policy/]]></URL>
                    </Reference>
                </References>
            </ReportItem>
<ReportItem id="14" color="green">
                <Name><![CDATA[Password type input with auto-complete enabled]]></Name>
                <ModuleName><![CDATA[/Crawler/12-Crawler_Password_Input_Autocomplete.js]]></ModuleName>
                <Details><![CDATA[Form name: &lt;empty&gt; <br/>Form action: ?module=Login&method=process <br/>Form method: POST <br/><br/>Form input: <br/><ul><li> password [password]</li></ul>]]></Details>
                <Affects><![CDATA[/]]></Affects>
                <Parameter><![CDATA[<empty>]]></Parameter>
                <AOP_SourceFile><![CDATA[]]></AOP_SourceFile>
                <AOP_SourceLine></AOP_SourceLine>
                <AOP_Additional><![CDATA[]]></AOP_Additional>
                <IsFalsePositive><![CDATA[]]></IsFalsePositive>
                <Severity><![CDATA[informational]]></Severity>
                <Type><![CDATA[informationdisclosure]]></Type>
                <Impact><![CDATA[Possible sensitive information disclosure.]]></Impact>
                <Description><![CDATA[When a new name and password is entered in a form and the form is submitted, the browser asks if the password should be saved.Thereafter when the form is displayed, the name and password are filled in automatically or are completed as the name is entered. An attacker with local access could obtain the cleartext password from the browser cache.]]></Description>
                <DetailedInformation><![CDATA[]]></DetailedInformation>
                <Recommendation><![CDATA[The password auto-complete should be disabled in sensitive applications. <br/>To disable auto-complete, you may use a code similar to: <pre><code>&lt;INPUT TYPE=&quot;password&quot; AUTOCOMPLETE=&quot;off&quot;&gt;</code></pre>]]></Recommendation>
                <TechnicalDetails>
                    <Request><![CDATA[GET /web/ HTTP/1.1
Referer: https://protokol.mod.gov.my/
Cookie: PHPSESSID=a8lppltrd5l5tqrnv8v7sh83k6;BNES_PHPSESSID=1g68qQTReLVXRLfqFx0J6ux6KOZV9evT+dY+VCsONXxNMiTFO2UwV3C80artQsx+lJxpOEThaM4Uf8/k4xtzpGxRc9iwyr09WB6jwT/9Ge8=
Accept: text/html,application/xhtml+xml,application/xml;q=0.9,*/*;q=0.8
Accept-Encoding: gzip,deflate
Host: protokol.mod.gov.my
User-Agent: Mozilla/5.0 (Windows NT 10.0; Win64; x64) AppleWebKit/537.36 (KHTML, like Gecko) Chrome/73.0.3683.103 Safari/537.36
Connection: Keep-alive
]]></Request>
                </TechnicalDetails>
                <CWEList>
                    <CWE id="200"><![CDATA[CWE-200]]></CWE>
                </CWEList>
                <CVEList>
                </CVEList>
                <CVSS>
                  <Descriptor><![CDATA[AV:N/AC:L/Au:N/C:N/I:N/A:N]]></Descriptor>
                  <Score><![CDATA[0.0]]></Score>
                  <AV><![CDATA[Network_Accessible]]></AV>
                  <AC><![CDATA[Low]]></AC>
                  <Au><![CDATA[None]]></Au>
                  <C><![CDATA[None]]></C>
                  <I><![CDATA[None]]></I>
                  <A><![CDATA[None]]></A>
                  <E><![CDATA[]]></E>
                  <RL><![CDATA[]]></RL>
                  <RC><![CDATA[]]></RC>
                </CVSS>
                <CVSS3>
                  <Descriptor><![CDATA[CVSS:3.0/AV:N/AC:L/PR:N/UI:N/S:U/C:H/I:N/A:N]]></Descriptor>
                  <Score><![CDATA[7.5]]></Score>
                  <TempScore><![CDATA[]]></TempScore>
                  <EnvScore><![CDATA[]]></EnvScore>
                  <AV><![CDATA[Network]]></AV>
                  <AC><![CDATA[Low]]></AC>
                  <PR><![CDATA[None]]></PR>
                  <UI><![CDATA[None]]></UI>
                  <S><![CDATA[Unchanged]]></S>
                  <C><![CDATA[High]]></C>
                  <I><![CDATA[None]]></I>
                  <A><![CDATA[None]]></A>
                  <E><![CDATA[]]></E>
                  <RL><![CDATA[]]></RL>
                  <RC><![CDATA[]]></RC>
                </CVSS3>
                <References>
                </References>
            </ReportItem>
<ReportItem id="15" color="green">
                <Name><![CDATA[TLS 1.1 enabled]]></Name>
                <ModuleName><![CDATA[/Scripts/PerServer/SSL_Audit.script]]></ModuleName>
                <Details><![CDATA[The SSL server (port: 443) encrypts traffic using TLSv1.1.<br/><br/>]]></Details>
                <Affects><![CDATA[/]]></Affects>
                <Parameter><![CDATA[]]></Parameter>
                <AOP_SourceFile><![CDATA[]]></AOP_SourceFile>
                <AOP_SourceLine></AOP_SourceLine>
                <AOP_Additional><![CDATA[]]></AOP_Additional>
                <IsFalsePositive><![CDATA[]]></IsFalsePositive>
                <Severity><![CDATA[informational]]></Severity>
                <Type><![CDATA[configuration]]></Type>
                <Impact><![CDATA[An attacker may be able to exploit this problem to conduct man-in-the-middle attacks and decrypt communications between the affected service and clients.]]></Impact>
                <Description><![CDATA[The web server supports encryption through TLS 1.1. When aiming for Payment Card Industry (PCI) Data Security Standard (DSS) compliance, it is recommended (although at the time or writing not required) to use TLS 1.2 or higher instead. 
		According to PCI, &quot;30 June 2018 is the deadline for disabling SSL/early TLS and implementing a more secure encryption protocol – TLS 1.1 or higher (TLS v1.2 is strongly encouraged) in order to meet the PCI Data Security Standard (PCI DSS) for safeguarding payment data.]]></Description>
                <DetailedInformation><![CDATA[]]></DetailedInformation>
                <Recommendation><![CDATA[It is recommended to disable TLS 1.1 and replace it with TLS 1.2 or higher.]]></Recommendation>
                <TechnicalDetails>
                    <Request><![CDATA[]]></Request>
                </TechnicalDetails>
                <CWEList>
                    <CWE id="16"><![CDATA[CWE-16]]></CWE>
                </CWEList>
                <CVEList>
                </CVEList>
                <CVSS>
                  <Descriptor><![CDATA[AV:N/AC:H/Au:N/C:P/I:P/A:N]]></Descriptor>
                  <Score><![CDATA[4.0]]></Score>
                  <AV><![CDATA[Network_Accessible]]></AV>
                  <AC><![CDATA[High]]></AC>
                  <Au><![CDATA[None]]></Au>
                  <C><![CDATA[Partial]]></C>
                  <I><![CDATA[Partial]]></I>
                  <A><![CDATA[None]]></A>
                  <E><![CDATA[]]></E>
                  <RL><![CDATA[]]></RL>
                  <RC><![CDATA[]]></RC>
                </CVSS>
                <CVSS3>
                  <Descriptor><![CDATA[CVSS:3.1/AV:N/AC:H/PR:N/UI:R/S:U/C:H/I:L/A:N]]></Descriptor>
                  <Score><![CDATA[5.9]]></Score>
                  <TempScore><![CDATA[]]></TempScore>
                  <EnvScore><![CDATA[]]></EnvScore>
                  <AV><![CDATA[Network]]></AV>
                  <AC><![CDATA[High]]></AC>
                  <PR><![CDATA[None]]></PR>
                  <UI><![CDATA[Required]]></UI>
                  <S><![CDATA[Unchanged]]></S>
                  <C><![CDATA[High]]></C>
                  <I><![CDATA[Low]]></I>
                  <A><![CDATA[None]]></A>
                  <E><![CDATA[]]></E>
                  <RL><![CDATA[]]></RL>
                  <RC><![CDATA[]]></RC>
                </CVSS3>
                <References>
                    <Reference>
                      <Database><![CDATA[Are You Ready for 30 June 2018? Saying Goodbye to SSL/early TLS]]></Database>
                      <URL><![CDATA[https://blog.pcisecuritystandards.org/are-you-ready-for-30-june-2018-sayin-goodbye-to-ssl-early-tls]]></URL>
                    </Reference>
                    <Reference>
                      <Database><![CDATA[PCI 3.1 and TLS 1.2 (Cloudflare Support)]]></Database>
                      <URL><![CDATA[https://support.cloudflare.com/hc/en-us/articles/205043158-PCI-3-1-and-TLS-1-2]]></URL>
                    </Reference>
                </References>
            </ReportItem>
        </ReportItems>
    </Scan>
</ScanGroup>
