<?xml version="1.0"?>
<ScanGroup ExportedOn="11/08/2020, 08:42:27">
<Scan>
        <Name><![CDATA[scan_name]]></Name>
        <ShortName><![CDATA[scan_short_name]]></ShortName>
        <StartURL><![CDATA[mail.dgta.gov.my]]></StartURL>
        <StartTime><![CDATA[02/08/2020, 23:41:51]]></StartTime>
        <FinishTime><![CDATA[03/08/2020, 02:48:44]]></FinishTime>
        <ScanTime><![CDATA[186 minutes, 26 seconds]]></ScanTime>
        <Aborted><![CDATA[False]]></Aborted>
        <Responsive><![CDATA[True]]></Responsive>
        <Banner><![CDATA[]]></Banner>
        <Os><![CDATA[Unknown]]></Os>
        <WebServer><![CDATA[None]]></WebServer>
        <Technologies>
            <![CDATA[
            ]]>
        </Technologies>
        <Crawler StartUrl="https://mail.dgta.gov.my/">
            <Cookies>
            </Cookies>
            <SiteFiles>
<SiteFile id="1">
                    <Name><![CDATA[https://mail.dgta.gov.my/]]></Name>
                    <URL><![CDATA[/]]></URL>
                    <FullURL><![CDATA[https://mail.dgta.gov.my/]]></FullURL>
                    <Inputs>
                                <Variable Name="client" Type="URL encoded POST"/>
                                <Variable Name="loginOp" Type="URL encoded POST"/>
                                <Variable Name="login_csrf" Type="URL encoded POST"/>
                                <Variable Name="password" Type="URL encoded POST"/>
                                <Variable Name="username" Type="URL encoded POST"/>
                                <Variable Name="zrememberme" Type="URL encoded POST"/>
                                <Variable Name="Referer" Type="HTTP Header"/>
                                <Variable Name="User-Agent" Type="HTTP Header"/>
                                <Variable Name="X-Forwarded-For" Type="HTTP Header"/>
                    </Inputs>
                </SiteFile>
<SiteFile id="2">
                    <Name><![CDATA[css]]></Name>
                    <URL><![CDATA[/css/]]></URL>
                    <FullURL><![CDATA[https://mail.dgta.gov.my/css/]]></FullURL>
                </SiteFile>
<SiteFile id="3">
                    <Name><![CDATA[common,login,zhtml,skin.css]]></Name>
                    <URL><![CDATA[/css/common,login,zhtml,skin.css]]></URL>
                    <FullURL><![CDATA[https://mail.dgta.gov.my/css/common,login,zhtml,skin.css]]></FullURL>
                </SiteFile>
<SiteFile id="4">
                    <Name><![CDATA[img]]></Name>
                    <URL><![CDATA[/img/]]></URL>
                    <FullURL><![CDATA[https://mail.dgta.gov.my/img/]]></FullURL>
                </SiteFile>
<SiteFile id="5">
                    <Name><![CDATA[dwt]]></Name>
                    <URL><![CDATA[/img/dwt/]]></URL>
                    <FullURL><![CDATA[https://mail.dgta.gov.my/img/dwt/]]></FullURL>
                </SiteFile>
<SiteFile id="6">
                    <Name><![CDATA[logo]]></Name>
                    <URL><![CDATA[/img/logo/]]></URL>
                    <FullURL><![CDATA[https://mail.dgta.gov.my/img/logo/]]></FullURL>
                </SiteFile>
<SiteFile id="7">
                    <Name><![CDATA[robots.txt]]></Name>
                    <URL><![CDATA[/robots.txt]]></URL>
                    <FullURL><![CDATA[https://mail.dgta.gov.my/robots.txt]]></FullURL>
                </SiteFile>
<SiteFile id="8">
                    <Name><![CDATA[skins]]></Name>
                    <URL><![CDATA[/skins/]]></URL>
                    <FullURL><![CDATA[https://mail.dgta.gov.my/skins/]]></FullURL>
                </SiteFile>
<SiteFile id="9">
                    <Name><![CDATA[_base]]></Name>
                    <URL><![CDATA[/skins/_base/]]></URL>
                    <FullURL><![CDATA[https://mail.dgta.gov.my/skins/_base/]]></FullURL>
                </SiteFile>
<SiteFile id="10">
                    <Name><![CDATA[base]]></Name>
                    <URL><![CDATA[/skins/_base/base/]]></URL>
                    <FullURL><![CDATA[https://mail.dgta.gov.my/skins/_base/base/]]></FullURL>
                </SiteFile>
<SiteFile id="11">
                    <Name><![CDATA[logos]]></Name>
                    <URL><![CDATA[/skins/_base/logos/]]></URL>
                    <FullURL><![CDATA[https://mail.dgta.gov.my/skins/_base/logos/]]></FullURL>
                </SiteFile>
<SiteFile id="12">
                    <Name><![CDATA[harmony]]></Name>
                    <URL><![CDATA[/skins/harmony/]]></URL>
                    <FullURL><![CDATA[https://mail.dgta.gov.my/skins/harmony/]]></FullURL>
                </SiteFile>
<SiteFile id="13">
                    <Name><![CDATA[img]]></Name>
                    <URL><![CDATA[/skins/harmony/img/]]></URL>
                    <FullURL><![CDATA[https://mail.dgta.gov.my/skins/harmony/img/]]></FullURL>
                </SiteFile>
<SiteFile id="14">
                    <Name><![CDATA[harmony]]></Name>
                    <URL><![CDATA[/skins/harmony/img/harmony/]]></URL>
                    <FullURL><![CDATA[https://mail.dgta.gov.my/skins/harmony/img/harmony/]]></FullURL>
                </SiteFile>
            </SiteFiles>
        </Crawler>
        <ReportItems>
<ReportItem id="1" color="red">
                <Name><![CDATA[SSL certificate invalid date]]></Name>
                <ModuleName><![CDATA[/Scripts/PerServer/SSL_Audit.script]]></ModuleName>
                <Details><![CDATA[<p>The SSL certificate (serial: 13ea28705bf4eced0c36630980614336) has expired..<br/> The certificate validity period is between <strong>Tue May 30 2000 17:48:38 GMT+0700 (SE Asia Standard Time)</strong> and <strong>Sat May 30 2020 17:48:38 GMT+0700 (SE Asia Standard Time)</strong></p>]]></Details>
                <Affects><![CDATA[/]]></Affects>
                <Parameter><![CDATA[]]></Parameter>
                <AOP_SourceFile><![CDATA[]]></AOP_SourceFile>
                <AOP_SourceLine></AOP_SourceLine>
                <AOP_Additional><![CDATA[]]></AOP_Additional>
                <IsFalsePositive><![CDATA[]]></IsFalsePositive>
                <Severity><![CDATA[high]]></Severity>
                <Type><![CDATA[configuration]]></Type>
                <Impact><![CDATA[This SSL certificate is not valid.]]></Impact>
                <Description><![CDATA[This SSL certificate is either expired or not yet valid. Some browsers will continue connecting to the site after presenting the user with the warning, while others will prompt the user with a dialog box requesting their approval to proceed. These warnings are extremely confusing for the typical web user, and cause most users to question the authenticity of the site they are attempting to view.]]></Description>
                <DetailedInformation><![CDATA[]]></DetailedInformation>
                <Recommendation><![CDATA[Verify Start Date and/or End Dates of your SSL Certificate.]]></Recommendation>
                <TechnicalDetails>
                    <Request><![CDATA[]]></Request>
                </TechnicalDetails>
                <CWEList>
                    <CWE id="298"><![CDATA[CWE-298]]></CWE>
                </CWEList>
                <CVEList>
                </CVEList>
                <CVSS>
                  <Descriptor><![CDATA[AV:N/AC:L/Au:N/C:N/I:N/A:N]]></Descriptor>
                  <Score><![CDATA[0.0]]></Score>
                  <AV><![CDATA[Network_Accessible]]></AV>
                  <AC><![CDATA[Low]]></AC>
                  <Au><![CDATA[None]]></Au>
                  <C><![CDATA[None]]></C>
                  <I><![CDATA[None]]></I>
                  <A><![CDATA[None]]></A>
                  <E><![CDATA[]]></E>
                  <RL><![CDATA[]]></RL>
                  <RC><![CDATA[]]></RC>
                </CVSS>
                <CVSS3>
                  <Descriptor><![CDATA[CVSS:3.0/AV:N/AC:L/PR:N/UI:N/S:U/C:N/I:L/A:N]]></Descriptor>
                  <Score><![CDATA[5.3]]></Score>
                  <TempScore><![CDATA[]]></TempScore>
                  <EnvScore><![CDATA[]]></EnvScore>
                  <AV><![CDATA[Network]]></AV>
                  <AC><![CDATA[Low]]></AC>
                  <PR><![CDATA[None]]></PR>
                  <UI><![CDATA[None]]></UI>
                  <S><![CDATA[Unchanged]]></S>
                  <C><![CDATA[None]]></C>
                  <I><![CDATA[Low]]></I>
                  <A><![CDATA[None]]></A>
                  <E><![CDATA[]]></E>
                  <RL><![CDATA[]]></RL>
                  <RC><![CDATA[]]></RC>
                </CVSS3>
                <References>
                </References>
            </ReportItem>
<ReportItem id="2" color="blue">
                <Name><![CDATA[Cookie(s) with missing, inconsistent, or contradictory properties. (verified)]]></Name>
                <ModuleName><![CDATA[/RPA/Cookie_Validator.js]]></ModuleName>
                <Details><![CDATA[A cookie was set with the following response header: <br/><br/><code>Set-Cookie: ZM_TEST=true;Secure</code><br/><br/>This cookie has the following issues: <br/><br/><li><strong>Cookie without SameSite attribute.</strong> When cookies lack the SameSite attribute, Web browsers may apply different and sometimes unexpected defaults. It is therefore recommended to add a SameSite attribute with an appropriate value of either &quot;Strict&quot;, &quot;Lax&quot;, or &quot;None&quot;.</li>]]></Details>
                <Affects><![CDATA[/]]></Affects>
                <Parameter><![CDATA[]]></Parameter>
                <AOP_SourceFile><![CDATA[]]></AOP_SourceFile>
                <AOP_SourceLine></AOP_SourceLine>
                <AOP_Additional><![CDATA[]]></AOP_Additional>
                <IsFalsePositive><![CDATA[]]></IsFalsePositive>
                <Severity><![CDATA[low]]></Severity>
                <Type><![CDATA[configuration]]></Type>
                <Impact><![CDATA[Cookies will not be stored, or submitted, by web browsers.]]></Impact>
                <Description><![CDATA[At least one of the cookie's properties causes the cookie to be invalid or incompatible with either a different property of the same cookie, of with the environment the cookie is being used in. Although this is not a vulnerability in itself, it will likely lead to unexpected behavior by the application, which in turn may cause secondary security issues.]]></Description>
                <DetailedInformation><![CDATA[]]></DetailedInformation>
                <Recommendation><![CDATA[Ensure that the cookie configuration complies with the applicable standards.]]></Recommendation>
                <TechnicalDetails>
                    <Request><![CDATA[GET / HTTP/1.1
Referer: https://mail.dgta.gov.my/
Accept: text/html,application/xhtml+xml,application/xml;q=0.9,*/*;q=0.8
Accept-Encoding: gzip,deflate
Host: mail.dgta.gov.my
User-Agent: Mozilla/5.0 (Windows NT 10.0; Win64; x64) AppleWebKit/537.36 (KHTML, like Gecko) Chrome/73.0.3683.103 Safari/537.36
Connection: Keep-alive
]]></Request>
                </TechnicalDetails>
                <CWEList>
                    <CWE id="16"><![CDATA[CWE-16]]></CWE>
                </CWEList>
                <CVEList>
                </CVEList>
                <CVSS>
                  <Descriptor><![CDATA[AV:N/AC:L/Au:N/C:N/I:N/A:N]]></Descriptor>
                  <Score><![CDATA[0.0]]></Score>
                  <AV><![CDATA[Network_Accessible]]></AV>
                  <AC><![CDATA[Low]]></AC>
                  <Au><![CDATA[None]]></Au>
                  <C><![CDATA[None]]></C>
                  <I><![CDATA[None]]></I>
                  <A><![CDATA[None]]></A>
                  <E><![CDATA[]]></E>
                  <RL><![CDATA[]]></RL>
                  <RC><![CDATA[]]></RC>
                </CVSS>
                <CVSS3>
                  <Descriptor><![CDATA[CVSS:3.1/AV:N/AC:L/PR:N/UI:R/S:U/C:N/I:N/A:N]]></Descriptor>
                  <Score><![CDATA[0.0]]></Score>
                  <TempScore><![CDATA[]]></TempScore>
                  <EnvScore><![CDATA[]]></EnvScore>
                  <AV><![CDATA[Network]]></AV>
                  <AC><![CDATA[Low]]></AC>
                  <PR><![CDATA[None]]></PR>
                  <UI><![CDATA[Required]]></UI>
                  <S><![CDATA[Unchanged]]></S>
                  <C><![CDATA[None]]></C>
                  <I><![CDATA[None]]></I>
                  <A><![CDATA[None]]></A>
                  <E><![CDATA[]]></E>
                  <RL><![CDATA[]]></RL>
                  <RC><![CDATA[]]></RC>
                </CVSS3>
                <References>
                    <Reference>
                      <Database><![CDATA[MDN | Set-Cookie]]></Database>
                      <URL><![CDATA[https://developer.mozilla.org/en-US/docs/Web/HTTP/Headers/Set-Cookie]]></URL>
                    </Reference>
                    <Reference>
                      <Database><![CDATA[Securing cookies with cookie prefixes]]></Database>
                      <URL><![CDATA[https://www.sjoerdlangkemper.nl/2017/02/09/cookie-prefixes/]]></URL>
                    </Reference>
                    <Reference>
                      <Database><![CDATA[Cookies: HTTP State Management Mechanism]]></Database>
                      <URL><![CDATA[https://tools.ietf.org/html/draft-ietf-httpbis-rfc6265bis-05]]></URL>
                    </Reference>
                    <Reference>
                      <Database><![CDATA[SameSite Updates - The Chromium Projects]]></Database>
                      <URL><![CDATA[https://www.chromium.org/updates/same-site]]></URL>
                    </Reference>
                    <Reference>
                      <Database><![CDATA[draft-west-first-party-cookies-07: Same-site Cookies]]></Database>
                      <URL><![CDATA[https://tools.ietf.org/html/draft-west-first-party-cookies-07]]></URL>
                    </Reference>
                </References>
            </ReportItem>
<ReportItem id="3" color="blue">
                <Name><![CDATA[Cookie(s) with missing, inconsistent, or contradictory properties. (verified)]]></Name>
                <ModuleName><![CDATA[/RPA/Cookie_Validator.js]]></ModuleName>
                <Details><![CDATA[A cookie was set with the following response header: <br/><br/><code>Set-Cookie: ZM_LOGIN_CSRF=8ecc0af6-0c4e-471e-a79d-79001144b6ac;Secure;HttpOnly</code><br/><br/>This cookie has the following issues: <br/><br/><li><strong>Cookie without SameSite attribute.</strong> When cookies lack the SameSite attribute, Web browsers may apply different and sometimes unexpected defaults. It is therefore recommended to add a SameSite attribute with an appropriate value of either &quot;Strict&quot;, &quot;Lax&quot;, or &quot;None&quot;.</li>]]></Details>
                <Affects><![CDATA[/]]></Affects>
                <Parameter><![CDATA[]]></Parameter>
                <AOP_SourceFile><![CDATA[]]></AOP_SourceFile>
                <AOP_SourceLine></AOP_SourceLine>
                <AOP_Additional><![CDATA[]]></AOP_Additional>
                <IsFalsePositive><![CDATA[]]></IsFalsePositive>
                <Severity><![CDATA[low]]></Severity>
                <Type><![CDATA[configuration]]></Type>
                <Impact><![CDATA[Cookies will not be stored, or submitted, by web browsers.]]></Impact>
                <Description><![CDATA[At least one of the cookie's properties causes the cookie to be invalid or incompatible with either a different property of the same cookie, of with the environment the cookie is being used in. Although this is not a vulnerability in itself, it will likely lead to unexpected behavior by the application, which in turn may cause secondary security issues.]]></Description>
                <DetailedInformation><![CDATA[]]></DetailedInformation>
                <Recommendation><![CDATA[Ensure that the cookie configuration complies with the applicable standards.]]></Recommendation>
                <TechnicalDetails>
                    <Request><![CDATA[GET / HTTP/1.1
Referer: https://mail.dgta.gov.my/
Accept: text/html,application/xhtml+xml,application/xml;q=0.9,*/*;q=0.8
Accept-Encoding: gzip,deflate
Host: mail.dgta.gov.my
User-Agent: Mozilla/5.0 (Windows NT 10.0; Win64; x64) AppleWebKit/537.36 (KHTML, like Gecko) Chrome/73.0.3683.103 Safari/537.36
Connection: Keep-alive
]]></Request>
                </TechnicalDetails>
                <CWEList>
                    <CWE id="16"><![CDATA[CWE-16]]></CWE>
                </CWEList>
                <CVEList>
                </CVEList>
                <CVSS>
                  <Descriptor><![CDATA[AV:N/AC:L/Au:N/C:N/I:N/A:N]]></Descriptor>
                  <Score><![CDATA[0.0]]></Score>
                  <AV><![CDATA[Network_Accessible]]></AV>
                  <AC><![CDATA[Low]]></AC>
                  <Au><![CDATA[None]]></Au>
                  <C><![CDATA[None]]></C>
                  <I><![CDATA[None]]></I>
                  <A><![CDATA[None]]></A>
                  <E><![CDATA[]]></E>
                  <RL><![CDATA[]]></RL>
                  <RC><![CDATA[]]></RC>
                </CVSS>
                <CVSS3>
                  <Descriptor><![CDATA[CVSS:3.1/AV:N/AC:L/PR:N/UI:R/S:U/C:N/I:N/A:N]]></Descriptor>
                  <Score><![CDATA[0.0]]></Score>
                  <TempScore><![CDATA[]]></TempScore>
                  <EnvScore><![CDATA[]]></EnvScore>
                  <AV><![CDATA[Network]]></AV>
                  <AC><![CDATA[Low]]></AC>
                  <PR><![CDATA[None]]></PR>
                  <UI><![CDATA[Required]]></UI>
                  <S><![CDATA[Unchanged]]></S>
                  <C><![CDATA[None]]></C>
                  <I><![CDATA[None]]></I>
                  <A><![CDATA[None]]></A>
                  <E><![CDATA[]]></E>
                  <RL><![CDATA[]]></RL>
                  <RC><![CDATA[]]></RC>
                </CVSS3>
                <References>
                    <Reference>
                      <Database><![CDATA[MDN | Set-Cookie]]></Database>
                      <URL><![CDATA[https://developer.mozilla.org/en-US/docs/Web/HTTP/Headers/Set-Cookie]]></URL>
                    </Reference>
                    <Reference>
                      <Database><![CDATA[Securing cookies with cookie prefixes]]></Database>
                      <URL><![CDATA[https://www.sjoerdlangkemper.nl/2017/02/09/cookie-prefixes/]]></URL>
                    </Reference>
                    <Reference>
                      <Database><![CDATA[Cookies: HTTP State Management Mechanism]]></Database>
                      <URL><![CDATA[https://tools.ietf.org/html/draft-ietf-httpbis-rfc6265bis-05]]></URL>
                    </Reference>
                    <Reference>
                      <Database><![CDATA[SameSite Updates - The Chromium Projects]]></Database>
                      <URL><![CDATA[https://www.chromium.org/updates/same-site]]></URL>
                    </Reference>
                    <Reference>
                      <Database><![CDATA[draft-west-first-party-cookies-07: Same-site Cookies]]></Database>
                      <URL><![CDATA[https://tools.ietf.org/html/draft-west-first-party-cookies-07]]></URL>
                    </Reference>
                </References>
            </ReportItem>
<ReportItem id="4" color="blue">
                <Name><![CDATA[Cookie(s) with missing, inconsistent, or contradictory properties. (verified)]]></Name>
                <ModuleName><![CDATA[/RPA/Cookie_Validator.js]]></ModuleName>
                <Details><![CDATA[A cookie was set with the following response header: <br/><br/><code>Set-Cookie: BNES_ZM_TEST=gp5X4WC6FLhu2+QxKC5kcxFqT9BT7Usj9xZW5EIir2s7OrYOTWj/maNMG8zyVS6jMipTtzHEgOM=; Secure</code><br/><br/>This cookie has the following issues: <br/><br/><li><strong>Cookie without SameSite attribute.</strong> When cookies lack the SameSite attribute, Web browsers may apply different and sometimes unexpected defaults. It is therefore recommended to add a SameSite attribute with an appropriate value of either &quot;Strict&quot;, &quot;Lax&quot;, or &quot;None&quot;.</li>]]></Details>
                <Affects><![CDATA[/]]></Affects>
                <Parameter><![CDATA[]]></Parameter>
                <AOP_SourceFile><![CDATA[]]></AOP_SourceFile>
                <AOP_SourceLine></AOP_SourceLine>
                <AOP_Additional><![CDATA[]]></AOP_Additional>
                <IsFalsePositive><![CDATA[]]></IsFalsePositive>
                <Severity><![CDATA[low]]></Severity>
                <Type><![CDATA[configuration]]></Type>
                <Impact><![CDATA[Cookies will not be stored, or submitted, by web browsers.]]></Impact>
                <Description><![CDATA[At least one of the cookie's properties causes the cookie to be invalid or incompatible with either a different property of the same cookie, of with the environment the cookie is being used in. Although this is not a vulnerability in itself, it will likely lead to unexpected behavior by the application, which in turn may cause secondary security issues.]]></Description>
                <DetailedInformation><![CDATA[]]></DetailedInformation>
                <Recommendation><![CDATA[Ensure that the cookie configuration complies with the applicable standards.]]></Recommendation>
                <TechnicalDetails>
                    <Request><![CDATA[GET / HTTP/1.1
Referer: https://mail.dgta.gov.my/
Accept: text/html,application/xhtml+xml,application/xml;q=0.9,*/*;q=0.8
Accept-Encoding: gzip,deflate
Host: mail.dgta.gov.my
User-Agent: Mozilla/5.0 (Windows NT 10.0; Win64; x64) AppleWebKit/537.36 (KHTML, like Gecko) Chrome/73.0.3683.103 Safari/537.36
Connection: Keep-alive
]]></Request>
                </TechnicalDetails>
                <CWEList>
                    <CWE id="16"><![CDATA[CWE-16]]></CWE>
                </CWEList>
                <CVEList>
                </CVEList>
                <CVSS>
                  <Descriptor><![CDATA[AV:N/AC:L/Au:N/C:N/I:N/A:N]]></Descriptor>
                  <Score><![CDATA[0.0]]></Score>
                  <AV><![CDATA[Network_Accessible]]></AV>
                  <AC><![CDATA[Low]]></AC>
                  <Au><![CDATA[None]]></Au>
                  <C><![CDATA[None]]></C>
                  <I><![CDATA[None]]></I>
                  <A><![CDATA[None]]></A>
                  <E><![CDATA[]]></E>
                  <RL><![CDATA[]]></RL>
                  <RC><![CDATA[]]></RC>
                </CVSS>
                <CVSS3>
                  <Descriptor><![CDATA[CVSS:3.1/AV:N/AC:L/PR:N/UI:R/S:U/C:N/I:N/A:N]]></Descriptor>
                  <Score><![CDATA[0.0]]></Score>
                  <TempScore><![CDATA[]]></TempScore>
                  <EnvScore><![CDATA[]]></EnvScore>
                  <AV><![CDATA[Network]]></AV>
                  <AC><![CDATA[Low]]></AC>
                  <PR><![CDATA[None]]></PR>
                  <UI><![CDATA[Required]]></UI>
                  <S><![CDATA[Unchanged]]></S>
                  <C><![CDATA[None]]></C>
                  <I><![CDATA[None]]></I>
                  <A><![CDATA[None]]></A>
                  <E><![CDATA[]]></E>
                  <RL><![CDATA[]]></RL>
                  <RC><![CDATA[]]></RC>
                </CVSS3>
                <References>
                    <Reference>
                      <Database><![CDATA[MDN | Set-Cookie]]></Database>
                      <URL><![CDATA[https://developer.mozilla.org/en-US/docs/Web/HTTP/Headers/Set-Cookie]]></URL>
                    </Reference>
                    <Reference>
                      <Database><![CDATA[Securing cookies with cookie prefixes]]></Database>
                      <URL><![CDATA[https://www.sjoerdlangkemper.nl/2017/02/09/cookie-prefixes/]]></URL>
                    </Reference>
                    <Reference>
                      <Database><![CDATA[Cookies: HTTP State Management Mechanism]]></Database>
                      <URL><![CDATA[https://tools.ietf.org/html/draft-ietf-httpbis-rfc6265bis-05]]></URL>
                    </Reference>
                    <Reference>
                      <Database><![CDATA[SameSite Updates - The Chromium Projects]]></Database>
                      <URL><![CDATA[https://www.chromium.org/updates/same-site]]></URL>
                    </Reference>
                    <Reference>
                      <Database><![CDATA[draft-west-first-party-cookies-07: Same-site Cookies]]></Database>
                      <URL><![CDATA[https://tools.ietf.org/html/draft-west-first-party-cookies-07]]></URL>
                    </Reference>
                </References>
            </ReportItem>
<ReportItem id="5" color="blue">
                <Name><![CDATA[Cookie(s) without HttpOnly flag set (verified)]]></Name>
                <ModuleName><![CDATA[/RPA/Cookie_Without_HttpOnly.js]]></ModuleName>
                <Details><![CDATA[Set-Cookie: ZM_TEST=true;Secure]]></Details>
                <Affects><![CDATA[/]]></Affects>
                <Parameter><![CDATA[]]></Parameter>
                <AOP_SourceFile><![CDATA[]]></AOP_SourceFile>
                <AOP_SourceLine></AOP_SourceLine>
                <AOP_Additional><![CDATA[]]></AOP_Additional>
                <IsFalsePositive><![CDATA[]]></IsFalsePositive>
                <Severity><![CDATA[low]]></Severity>
                <Type><![CDATA[configuration]]></Type>
                <Impact><![CDATA[Cookies can be accessed by client-side scripts.]]></Impact>
                <Description><![CDATA[This cookie does not have the HttpOnly flag set. When a cookie is set with the HttpOnly flag, it instructs the browser that the cookie can only be accessed by the server and not by client-side scripts. This is an important security protection for session cookies.]]></Description>
                <DetailedInformation><![CDATA[]]></DetailedInformation>
                <Recommendation><![CDATA[If possible, you should set the HttpOnly flag for this cookie.]]></Recommendation>
                <TechnicalDetails>
                    <Request><![CDATA[GET / HTTP/1.1
Referer: https://mail.dgta.gov.my/
Accept: text/html,application/xhtml+xml,application/xml;q=0.9,*/*;q=0.8
Accept-Encoding: gzip,deflate
Host: mail.dgta.gov.my
User-Agent: Mozilla/5.0 (Windows NT 10.0; Win64; x64) AppleWebKit/537.36 (KHTML, like Gecko) Chrome/73.0.3683.103 Safari/537.36
Connection: Keep-alive
]]></Request>
                </TechnicalDetails>
                <CWEList>
                    <CWE id="16"><![CDATA[CWE-16]]></CWE>
                </CWEList>
                <CVEList>
                </CVEList>
                <CVSS>
                  <Descriptor><![CDATA[AV:N/AC:L/Au:N/C:N/I:N/A:N]]></Descriptor>
                  <Score><![CDATA[0.0]]></Score>
                  <AV><![CDATA[Network_Accessible]]></AV>
                  <AC><![CDATA[Low]]></AC>
                  <Au><![CDATA[None]]></Au>
                  <C><![CDATA[None]]></C>
                  <I><![CDATA[None]]></I>
                  <A><![CDATA[None]]></A>
                  <E><![CDATA[]]></E>
                  <RL><![CDATA[]]></RL>
                  <RC><![CDATA[]]></RC>
                </CVSS>
                <CVSS3>
                  <Descriptor><![CDATA[CVSS:3.1/AV:N/AC:L/PR:N/UI:R/S:U/C:N/I:N/A:N]]></Descriptor>
                  <Score><![CDATA[0.0]]></Score>
                  <TempScore><![CDATA[]]></TempScore>
                  <EnvScore><![CDATA[]]></EnvScore>
                  <AV><![CDATA[Network]]></AV>
                  <AC><![CDATA[Low]]></AC>
                  <PR><![CDATA[None]]></PR>
                  <UI><![CDATA[Required]]></UI>
                  <S><![CDATA[Unchanged]]></S>
                  <C><![CDATA[None]]></C>
                  <I><![CDATA[None]]></I>
                  <A><![CDATA[None]]></A>
                  <E><![CDATA[]]></E>
                  <RL><![CDATA[]]></RL>
                  <RC><![CDATA[]]></RC>
                </CVSS3>
                <References>
                </References>
            </ReportItem>
<ReportItem id="6" color="blue">
                <Name><![CDATA[Cookie(s) without HttpOnly flag set (verified)]]></Name>
                <ModuleName><![CDATA[/RPA/Cookie_Without_HttpOnly.js]]></ModuleName>
                <Details><![CDATA[Set-Cookie: BNES_ZM_TEST=gp5X4WC6FLhu2+QxKC5kcxFqT9BT7Usj9xZW5EIir2s7OrYOTWj/maNMG8zyVS6jMipTtzHEgOM=; Secure]]></Details>
                <Affects><![CDATA[/]]></Affects>
                <Parameter><![CDATA[]]></Parameter>
                <AOP_SourceFile><![CDATA[]]></AOP_SourceFile>
                <AOP_SourceLine></AOP_SourceLine>
                <AOP_Additional><![CDATA[]]></AOP_Additional>
                <IsFalsePositive><![CDATA[]]></IsFalsePositive>
                <Severity><![CDATA[low]]></Severity>
                <Type><![CDATA[configuration]]></Type>
                <Impact><![CDATA[Cookies can be accessed by client-side scripts.]]></Impact>
                <Description><![CDATA[This cookie does not have the HttpOnly flag set. When a cookie is set with the HttpOnly flag, it instructs the browser that the cookie can only be accessed by the server and not by client-side scripts. This is an important security protection for session cookies.]]></Description>
                <DetailedInformation><![CDATA[]]></DetailedInformation>
                <Recommendation><![CDATA[If possible, you should set the HttpOnly flag for this cookie.]]></Recommendation>
                <TechnicalDetails>
                    <Request><![CDATA[GET / HTTP/1.1
Referer: https://mail.dgta.gov.my/
Accept: text/html,application/xhtml+xml,application/xml;q=0.9,*/*;q=0.8
Accept-Encoding: gzip,deflate
Host: mail.dgta.gov.my
User-Agent: Mozilla/5.0 (Windows NT 10.0; Win64; x64) AppleWebKit/537.36 (KHTML, like Gecko) Chrome/73.0.3683.103 Safari/537.36
Connection: Keep-alive
]]></Request>
                </TechnicalDetails>
                <CWEList>
                    <CWE id="16"><![CDATA[CWE-16]]></CWE>
                </CWEList>
                <CVEList>
                </CVEList>
                <CVSS>
                  <Descriptor><![CDATA[AV:N/AC:L/Au:N/C:N/I:N/A:N]]></Descriptor>
                  <Score><![CDATA[0.0]]></Score>
                  <AV><![CDATA[Network_Accessible]]></AV>
                  <AC><![CDATA[Low]]></AC>
                  <Au><![CDATA[None]]></Au>
                  <C><![CDATA[None]]></C>
                  <I><![CDATA[None]]></I>
                  <A><![CDATA[None]]></A>
                  <E><![CDATA[]]></E>
                  <RL><![CDATA[]]></RL>
                  <RC><![CDATA[]]></RC>
                </CVSS>
                <CVSS3>
                  <Descriptor><![CDATA[CVSS:3.1/AV:N/AC:L/PR:N/UI:R/S:U/C:N/I:N/A:N]]></Descriptor>
                  <Score><![CDATA[0.0]]></Score>
                  <TempScore><![CDATA[]]></TempScore>
                  <EnvScore><![CDATA[]]></EnvScore>
                  <AV><![CDATA[Network]]></AV>
                  <AC><![CDATA[Low]]></AC>
                  <PR><![CDATA[None]]></PR>
                  <UI><![CDATA[Required]]></UI>
                  <S><![CDATA[Unchanged]]></S>
                  <C><![CDATA[None]]></C>
                  <I><![CDATA[None]]></I>
                  <A><![CDATA[None]]></A>
                  <E><![CDATA[]]></E>
                  <RL><![CDATA[]]></RL>
                  <RC><![CDATA[]]></RC>
                </CVSS3>
                <References>
                </References>
            </ReportItem>
<ReportItem id="7" color="blue">
                <Name><![CDATA[HTTP Strict Transport Security (HSTS) not implemented]]></Name>
                <ModuleName><![CDATA[/httpdata/HSTS_not_implemented.js]]></ModuleName>
                <Details><![CDATA[]]></Details>
                <Affects><![CDATA[/]]></Affects>
                <Parameter><![CDATA[]]></Parameter>
                <AOP_SourceFile><![CDATA[]]></AOP_SourceFile>
                <AOP_SourceLine></AOP_SourceLine>
                <AOP_Additional><![CDATA[]]></AOP_Additional>
                <IsFalsePositive><![CDATA[]]></IsFalsePositive>
                <Severity><![CDATA[low]]></Severity>
                <Type><![CDATA[]]></Type>
                <Impact><![CDATA[HSTS can be used to prevent and/or mitigate some types of man-in-the-middle (MitM) attacks]]></Impact>
                <Description><![CDATA[HTTP Strict Transport Security (HSTS) tells a browser that a web site is only accessable using HTTPS.
        It was detected that your web application doesn't implement HTTP Strict Transport Security (HSTS) as the Strict Transport Security header is missing from the response.]]></Description>
                <DetailedInformation><![CDATA[]]></DetailedInformation>
                <Recommendation><![CDATA[It's recommended to implement HTTP Strict Transport Security (HSTS) into your web application. Consult web references for more information]]></Recommendation>
                <TechnicalDetails>
                    <Request><![CDATA[GET / HTTP/1.1
Referer: https://mail.dgta.gov.my/
Accept: text/html,application/xhtml+xml,application/xml;q=0.9,*/*;q=0.8
Accept-Encoding: gzip,deflate
Host: mail.dgta.gov.my
User-Agent: Mozilla/5.0 (Windows NT 10.0; Win64; x64) AppleWebKit/537.36 (KHTML, like Gecko) Chrome/73.0.3683.103 Safari/537.36
Connection: Keep-alive
]]></Request>
                </TechnicalDetails>
                <CWEList>
                    <CWE id="16"><![CDATA[CWE-16]]></CWE>
                </CWEList>
                <CVEList>
                </CVEList>
                <CVSS>
                  <Descriptor><![CDATA[AV:N/AC:L/Au:N/C:N/I:N/A:N]]></Descriptor>
                  <Score><![CDATA[0.0]]></Score>
                  <AV><![CDATA[Network_Accessible]]></AV>
                  <AC><![CDATA[Low]]></AC>
                  <Au><![CDATA[None]]></Au>
                  <C><![CDATA[None]]></C>
                  <I><![CDATA[None]]></I>
                  <A><![CDATA[None]]></A>
                  <E><![CDATA[]]></E>
                  <RL><![CDATA[]]></RL>
                  <RC><![CDATA[]]></RC>
                </CVSS>
                <CVSS3>
                  <Descriptor><![CDATA[CVSS:3.1/AV:N/AC:L/PR:N/UI:R/S:C/C:N/I:N/A:N]]></Descriptor>
                  <Score><![CDATA[0.0]]></Score>
                  <TempScore><![CDATA[]]></TempScore>
                  <EnvScore><![CDATA[]]></EnvScore>
                  <AV><![CDATA[Network]]></AV>
                  <AC><![CDATA[Low]]></AC>
                  <PR><![CDATA[None]]></PR>
                  <UI><![CDATA[Required]]></UI>
                  <S><![CDATA[Changed]]></S>
                  <C><![CDATA[None]]></C>
                  <I><![CDATA[None]]></I>
                  <A><![CDATA[None]]></A>
                  <E><![CDATA[]]></E>
                  <RL><![CDATA[]]></RL>
                  <RC><![CDATA[]]></RC>
                </CVSS3>
                <References>
                    <Reference>
                      <Database><![CDATA[hstspreload.org]]></Database>
                      <URL><![CDATA[https://hstspreload.org/]]></URL>
                    </Reference>
                    <Reference>
                      <Database><![CDATA[Strict-Transport-Security]]></Database>
                      <URL><![CDATA[https://developer.mozilla.org/en-US/docs/Web/HTTP/Headers/Strict-Transport-Security]]></URL>
                    </Reference>
                </References>
            </ReportItem>
<ReportItem id="8" color="blue">
                <Name><![CDATA[Login page password-guessing attack]]></Name>
                <ModuleName><![CDATA[/httpdata/html_auth_weak_creds.js]]></ModuleName>
                <Details><![CDATA[]]></Details>
                <Affects><![CDATA[/]]></Affects>
                <Parameter><![CDATA[]]></Parameter>
                <AOP_SourceFile><![CDATA[]]></AOP_SourceFile>
                <AOP_SourceLine></AOP_SourceLine>
                <AOP_Additional><![CDATA[]]></AOP_Additional>
                <IsFalsePositive><![CDATA[]]></IsFalsePositive>
                <Severity><![CDATA[low]]></Severity>
                <Type><![CDATA[abuseoffunctionality]]></Type>
                <Impact><![CDATA[An attacker may attempt to discover a weak password by systematically trying every possible combination of letters, numbers, and symbols until it discovers the one correct combination that works.]]></Impact>
                <Description><![CDATA[A common threat web developers face is a password-guessing attack known as a brute force attack. A brute-force attack is an attempt to discover a password by systematically trying every possible combination of letters, numbers, and symbols until you discover the one correct combination that works. <br/><br/>
This login page doesn't have any protection against password-guessing attacks (brute force attacks). It's recommended to implement some type of account lockout after a defined number of incorrect password attempts. Consult Web references for more information about fixing this problem.]]></Description>
                <DetailedInformation><![CDATA[]]></DetailedInformation>
                <Recommendation><![CDATA[It's recommended to implement some type of account lockout after a defined number of incorrect password attempts.]]></Recommendation>
                <TechnicalDetails>
                    <Request><![CDATA[POST / HTTP/1.1
Referer: https://mail.dgta.gov.my/
Cookie: ZM_TEST=true;ZM_LOGIN_CSRF=8d6f292b-c016-4ded-86c3-f79550e2fa4c;BNES_ZM_TEST=eMV47iyNMuZS+b3TnTuYnZQ/4ocjbadqkY04hf8AnTuGb25VqkHSdHcwGolFtaD3e/sf7zVFDlA=;BNES_ZM_LOGIN_CSRF=mB8M9s1XlDSerVWLnTyYTquPfljguXbz+U5TqJugMiwGgirdwjIf3lZ1MbWvcpveTwuxl/3ffNByHrjAMNPY5YuhhQ+6bOyqVITgZKs00D1KAIyRXC2t0FqmhUTD1NB9;
Content-Type: application/x-www-form-urlencoded
Accept: text/html,application/xhtml+xml,application/xml;q=0.9,*/*;q=0.8
Accept-Encoding: gzip,deflate
Content-Length: 135
Host: mail.dgta.gov.my
User-Agent: Mozilla/5.0 (Windows NT 10.0; Win64; x64) AppleWebKit/537.36 (KHTML, like Gecko) Chrome/73.0.3683.103 Safari/537.36
Connection: Keep-alive
loginOp=login&amp;login_csrf=8d6f292b-c016-4ded-86c3-f79550e2fa4c&amp;username=author&amp;password=testing&amp;zrememberme=1&amp;=Sign In&amp;client=preferred&amp;]]></Request>
                </TechnicalDetails>
                <CWEList>
                    <CWE id="307"><![CDATA[CWE-307]]></CWE>
                </CWEList>
                <CVEList>
                </CVEList>
                <CVSS>
                  <Descriptor><![CDATA[AV:N/AC:L/Au:N/C:P/I:N/A:N]]></Descriptor>
                  <Score><![CDATA[5.0]]></Score>
                  <AV><![CDATA[Network_Accessible]]></AV>
                  <AC><![CDATA[Low]]></AC>
                  <Au><![CDATA[None]]></Au>
                  <C><![CDATA[Partial]]></C>
                  <I><![CDATA[None]]></I>
                  <A><![CDATA[None]]></A>
                  <E><![CDATA[]]></E>
                  <RL><![CDATA[]]></RL>
                  <RC><![CDATA[]]></RC>
                </CVSS>
                <CVSS3>
                  <Descriptor><![CDATA[CVSS:3.0/AV:N/AC:L/PR:N/UI:N/S:U/C:N/I:N/A:L]]></Descriptor>
                  <Score><![CDATA[5.3]]></Score>
                  <TempScore><![CDATA[]]></TempScore>
                  <EnvScore><![CDATA[]]></EnvScore>
                  <AV><![CDATA[Network]]></AV>
                  <AC><![CDATA[Low]]></AC>
                  <PR><![CDATA[None]]></PR>
                  <UI><![CDATA[None]]></UI>
                  <S><![CDATA[Unchanged]]></S>
                  <C><![CDATA[None]]></C>
                  <I><![CDATA[None]]></I>
                  <A><![CDATA[Low]]></A>
                  <E><![CDATA[]]></E>
                  <RL><![CDATA[]]></RL>
                  <RC><![CDATA[]]></RC>
                </CVSS3>
                <References>
                    <Reference>
                      <Database><![CDATA[Blocking Brute Force Attacks]]></Database>
                      <URL><![CDATA[https://www.owasp.org/index.php/Blocking_Brute_Force_Attacks]]></URL>
                    </Reference>
                </References>
            </ReportItem>
<ReportItem id="9" color="green">
                <Name><![CDATA[Content Security Policy (CSP) not implemented]]></Name>
                <ModuleName><![CDATA[/httpdata/CSP_not_implemented.js]]></ModuleName>
                <Details><![CDATA[]]></Details>
                <Affects><![CDATA[/]]></Affects>
                <Parameter><![CDATA[]]></Parameter>
                <AOP_SourceFile><![CDATA[]]></AOP_SourceFile>
                <AOP_SourceLine></AOP_SourceLine>
                <AOP_Additional><![CDATA[]]></AOP_Additional>
                <IsFalsePositive><![CDATA[]]></IsFalsePositive>
                <Severity><![CDATA[informational]]></Severity>
                <Type><![CDATA[configuration]]></Type>
                <Impact><![CDATA[CSP can be used to prevent and/or mitigate attacks that involve content/code injection, such as cross-site scripting/XSS attacks, attacks that require embedding a malicious resource, attacks that involve malicious use of iframes, such as clickjacking attacks, and others.]]></Impact>
                <Description><![CDATA[Content Security Policy (CSP) is an added layer of security that helps to detect and mitigate certain types of attacks, including Cross Site Scripting (XSS) and data injection attacks. <br/><br/>
Content Security Policy (CSP) can be implemented by adding a <strong>Content-Security-Policy</strong> header. The value of this header is a string containing the policy directives describing your Content Security Policy. To implement CSP, you should define lists of allowed origins for the all of the types of resources that your site utilizes. For example, if you have a simple site that needs to load scripts, stylesheets, and images hosted locally, as well as from the jQuery library from their CDN, the CSP header could look like the following:
<pre><code>
Content-Security-Policy:
    default-src 'self';
    script-src 'self' https://code.jquery.com;
</code></pre>
<br/><br/>
It was detected that your web application doesn't implement Content Security Policy (CSP) as the CSP header is missing from the response. It's recommended to implement Content Security Policy (CSP) into your web application.]]></Description>
                <DetailedInformation><![CDATA[]]></DetailedInformation>
                <Recommendation><![CDATA[It's recommended to implement Content Security Policy (CSP) into your web application. Configuring Content Security Policy involves adding the <strong>Content-Security-Policy</strong> HTTP header to a web page and giving it values to control resources the user agent is allowed to load for that page.]]></Recommendation>
                <TechnicalDetails>
                    <Request><![CDATA[GET / HTTP/1.1
Referer: https://mail.dgta.gov.my/
Accept: text/html,application/xhtml+xml,application/xml;q=0.9,*/*;q=0.8
Accept-Encoding: gzip,deflate
Host: mail.dgta.gov.my
User-Agent: Mozilla/5.0 (Windows NT 10.0; Win64; x64) AppleWebKit/537.36 (KHTML, like Gecko) Chrome/73.0.3683.103 Safari/537.36
Connection: Keep-alive
]]></Request>
                </TechnicalDetails>
                <CWEList>
                    <CWE id="16"><![CDATA[CWE-16]]></CWE>
                </CWEList>
                <CVEList>
                </CVEList>
                <CVSS>
                  <Descriptor><![CDATA[AV:N/AC:L/Au:N/C:N/I:N/A:N]]></Descriptor>
                  <Score><![CDATA[0.0]]></Score>
                  <AV><![CDATA[Network_Accessible]]></AV>
                  <AC><![CDATA[Low]]></AC>
                  <Au><![CDATA[None]]></Au>
                  <C><![CDATA[None]]></C>
                  <I><![CDATA[None]]></I>
                  <A><![CDATA[None]]></A>
                  <E><![CDATA[]]></E>
                  <RL><![CDATA[]]></RL>
                  <RC><![CDATA[]]></RC>
                </CVSS>
                <CVSS3>
                  <Descriptor><![CDATA[CVSS:3.1/AV:N/AC:L/PR:N/UI:R/S:C/C:N/I:N/A:N]]></Descriptor>
                  <Score><![CDATA[0.0]]></Score>
                  <TempScore><![CDATA[]]></TempScore>
                  <EnvScore><![CDATA[]]></EnvScore>
                  <AV><![CDATA[Network]]></AV>
                  <AC><![CDATA[Low]]></AC>
                  <PR><![CDATA[None]]></PR>
                  <UI><![CDATA[Required]]></UI>
                  <S><![CDATA[Changed]]></S>
                  <C><![CDATA[None]]></C>
                  <I><![CDATA[None]]></I>
                  <A><![CDATA[None]]></A>
                  <E><![CDATA[]]></E>
                  <RL><![CDATA[]]></RL>
                  <RC><![CDATA[]]></RC>
                </CVSS3>
                <References>
                    <Reference>
                      <Database><![CDATA[Content Security Policy (CSP)]]></Database>
                      <URL><![CDATA[https://developer.mozilla.org/en-US/docs/Web/HTTP/CSP]]></URL>
                    </Reference>
                    <Reference>
                      <Database><![CDATA[Implementing Content Security Policy]]></Database>
                      <URL><![CDATA[https://hacks.mozilla.org/2016/02/implementing-content-security-policy/]]></URL>
                    </Reference>
                </References>
            </ReportItem>
<ReportItem id="10" color="green">
                <Name><![CDATA[TLS 1.1 enabled]]></Name>
                <ModuleName><![CDATA[/Scripts/PerServer/SSL_Audit.script]]></ModuleName>
                <Details><![CDATA[The SSL server (port: 443) encrypts traffic using TLSv1.1.<br/><br/>]]></Details>
                <Affects><![CDATA[/]]></Affects>
                <Parameter><![CDATA[]]></Parameter>
                <AOP_SourceFile><![CDATA[]]></AOP_SourceFile>
                <AOP_SourceLine></AOP_SourceLine>
                <AOP_Additional><![CDATA[]]></AOP_Additional>
                <IsFalsePositive><![CDATA[]]></IsFalsePositive>
                <Severity><![CDATA[informational]]></Severity>
                <Type><![CDATA[configuration]]></Type>
                <Impact><![CDATA[An attacker may be able to exploit this problem to conduct man-in-the-middle attacks and decrypt communications between the affected service and clients.]]></Impact>
                <Description><![CDATA[The web server supports encryption through TLS 1.1. When aiming for Payment Card Industry (PCI) Data Security Standard (DSS) compliance, it is recommended (although at the time or writing not required) to use TLS 1.2 or higher instead. 
		According to PCI, &quot;30 June 2018 is the deadline for disabling SSL/early TLS and implementing a more secure encryption protocol – TLS 1.1 or higher (TLS v1.2 is strongly encouraged) in order to meet the PCI Data Security Standard (PCI DSS) for safeguarding payment data.]]></Description>
                <DetailedInformation><![CDATA[]]></DetailedInformation>
                <Recommendation><![CDATA[It is recommended to disable TLS 1.1 and replace it with TLS 1.2 or higher.]]></Recommendation>
                <TechnicalDetails>
                    <Request><![CDATA[]]></Request>
                </TechnicalDetails>
                <CWEList>
                    <CWE id="16"><![CDATA[CWE-16]]></CWE>
                </CWEList>
                <CVEList>
                </CVEList>
                <CVSS>
                  <Descriptor><![CDATA[AV:N/AC:H/Au:N/C:P/I:P/A:N]]></Descriptor>
                  <Score><![CDATA[4.0]]></Score>
                  <AV><![CDATA[Network_Accessible]]></AV>
                  <AC><![CDATA[High]]></AC>
                  <Au><![CDATA[None]]></Au>
                  <C><![CDATA[Partial]]></C>
                  <I><![CDATA[Partial]]></I>
                  <A><![CDATA[None]]></A>
                  <E><![CDATA[]]></E>
                  <RL><![CDATA[]]></RL>
                  <RC><![CDATA[]]></RC>
                </CVSS>
                <CVSS3>
                  <Descriptor><![CDATA[CVSS:3.1/AV:N/AC:H/PR:N/UI:R/S:U/C:H/I:L/A:N]]></Descriptor>
                  <Score><![CDATA[5.9]]></Score>
                  <TempScore><![CDATA[]]></TempScore>
                  <EnvScore><![CDATA[]]></EnvScore>
                  <AV><![CDATA[Network]]></AV>
                  <AC><![CDATA[High]]></AC>
                  <PR><![CDATA[None]]></PR>
                  <UI><![CDATA[Required]]></UI>
                  <S><![CDATA[Unchanged]]></S>
                  <C><![CDATA[High]]></C>
                  <I><![CDATA[Low]]></I>
                  <A><![CDATA[None]]></A>
                  <E><![CDATA[]]></E>
                  <RL><![CDATA[]]></RL>
                  <RC><![CDATA[]]></RC>
                </CVSS3>
                <References>
                    <Reference>
                      <Database><![CDATA[Are You Ready for 30 June 2018? Saying Goodbye to SSL/early TLS]]></Database>
                      <URL><![CDATA[https://blog.pcisecuritystandards.org/are-you-ready-for-30-june-2018-sayin-goodbye-to-ssl-early-tls]]></URL>
                    </Reference>
                    <Reference>
                      <Database><![CDATA[PCI 3.1 and TLS 1.2 (Cloudflare Support)]]></Database>
                      <URL><![CDATA[https://support.cloudflare.com/hc/en-us/articles/205043158-PCI-3-1-and-TLS-1-2]]></URL>
                    </Reference>
                </References>
            </ReportItem>
        </ReportItems>
    </Scan>
</ScanGroup>
