<?xml version="1.0"?>
<ScanGroup ExportedOn="11/08/2020, 08:32:34">
<Scan>
        <Name><![CDATA[scan_name]]></Name>
        <ShortName><![CDATA[scan_short_name]]></ShortName>
        <StartURL><![CDATA[eksamindef.mod.gov.my]]></StartURL>
        <StartTime><![CDATA[03/08/2020, 23:52:13]]></StartTime>
        <FinishTime><![CDATA[04/08/2020, 01:18:52]]></FinishTime>
        <ScanTime><![CDATA[86 minutes, 35 seconds]]></ScanTime>
        <Aborted><![CDATA[False]]></Aborted>
        <Responsive><![CDATA[True]]></Responsive>
        <Banner><![CDATA[]]></Banner>
        <Os><![CDATA[Unknown]]></Os>
        <WebServer><![CDATA[None]]></WebServer>
        <Technologies>
            <![CDATA[
            ]]>
        </Technologies>
        <Crawler StartUrl="http://eksamindef.mod.gov.my/">
            <Cookies>
            </Cookies>
            <SiteFiles>
<SiteFile id="1">
                    <Name><![CDATA[http://eksamindef.mod.gov.my/]]></Name>
                    <URL><![CDATA[/]]></URL>
                    <FullURL><![CDATA[http://eksamindef.mod.gov.my/]]></FullURL>
                    <Inputs>
                                <Variable Name="Referer" Type="HTTP Header"/>
                                <Variable Name="User-Agent" Type="HTTP Header"/>
                                <Variable Name="X-Forwarded-For" Type="HTTP Header"/>
                                <Variable Name="PHPSESSID" Type="Cookie"/>
                                <Variable Name="BNES_PHPSESSID" Type="Cookie"/>
                                <Variable Name="/[*].php" Type="Path Fragment"/>
                    </Inputs>
                </SiteFile>
<SiteFile id="2">
                    <Name><![CDATA[admin.php]]></Name>
                    <URL><![CDATA[/admin.php]]></URL>
                    <FullURL><![CDATA[http://eksamindef.mod.gov.my/admin.php]]></FullURL>
                    <Inputs>
                                <Variable Name="Referer" Type="HTTP Header"/>
                                <Variable Name="User-Agent" Type="HTTP Header"/>
                                <Variable Name="X-Forwarded-For" Type="HTTP Header"/>
                                <Variable Name="PHPSESSID" Type="Cookie"/>
                                <Variable Name="BNES_PHPSESSID" Type="Cookie"/>
                                <Variable Name="day" Type="URL encoded GET"/>
                                <Variable Name="month" Type="URL encoded GET"/>
                                <Variable Name="year" Type="URL encoded GET"/>
                                <Variable Name="Action" Type="URL encoded POST"/>
                                <Variable Name="TargetURL" Type="URL encoded POST"/>
                    </Inputs>
                </SiteFile>
<SiteFile id="3">
                    <Name><![CDATA[day.php]]></Name>
                    <URL><![CDATA[/day.php]]></URL>
                    <FullURL><![CDATA[http://eksamindef.mod.gov.my/day.php]]></FullURL>
                    <Inputs>
                                <Variable Name="area" Type="URL encoded GET"/>
                                <Variable Name="day" Type="URL encoded GET"/>
                                <Variable Name="month" Type="URL encoded GET"/>
                                <Variable Name="year" Type="URL encoded GET"/>
                                <Variable Name="area" Type="URL encoded GET"/>
                                <Variable Name="day" Type="URL encoded GET"/>
                                <Variable Name="month" Type="URL encoded GET"/>
                                <Variable Name="room" Type="URL encoded GET"/>
                                <Variable Name="year" Type="URL encoded GET"/>
                                <Variable Name="day" Type="URL encoded GET"/>
                                <Variable Name="month" Type="URL encoded GET"/>
                                <Variable Name="year" Type="URL encoded GET"/>
                                <Variable Name="Referer" Type="HTTP Header"/>
                                <Variable Name="User-Agent" Type="HTTP Header"/>
                                <Variable Name="X-Forwarded-For" Type="HTTP Header"/>
                                <Variable Name="PHPSESSID" Type="Cookie"/>
                                <Variable Name="BNES_PHPSESSID" Type="Cookie"/>
                    </Inputs>
                </SiteFile>
<SiteFile id="4">
                    <Name><![CDATA[edit_entry.php]]></Name>
                    <URL><![CDATA[/edit_entry.php]]></URL>
                    <FullURL><![CDATA[http://eksamindef.mod.gov.my/edit_entry.php]]></FullURL>
                    <Inputs>
                                <Variable Name="Referer" Type="HTTP Header"/>
                                <Variable Name="User-Agent" Type="HTTP Header"/>
                                <Variable Name="X-Forwarded-For" Type="HTTP Header"/>
                                <Variable Name="PHPSESSID" Type="Cookie"/>
                                <Variable Name="BNES_PHPSESSID" Type="Cookie"/>
                                <Variable Name="area" Type="URL encoded GET"/>
                                <Variable Name="day" Type="URL encoded GET"/>
                                <Variable Name="hour" Type="URL encoded GET"/>
                                <Variable Name="minute" Type="URL encoded GET"/>
                                <Variable Name="month" Type="URL encoded GET"/>
                                <Variable Name="room" Type="URL encoded GET"/>
                                <Variable Name="year" Type="URL encoded GET"/>
                    </Inputs>
                </SiteFile>
<SiteFile id="5">
                    <Name><![CDATA[edit_users.php]]></Name>
                    <URL><![CDATA[/edit_users.php]]></URL>
                    <FullURL><![CDATA[http://eksamindef.mod.gov.my/edit_users.php]]></FullURL>
                </SiteFile>
<SiteFile id="6">
                    <Name><![CDATA[index.php]]></Name>
                    <URL><![CDATA[/index.php]]></URL>
                    <FullURL><![CDATA[http://eksamindef.mod.gov.my/index.php]]></FullURL>
                </SiteFile>
<SiteFile id="7">
                    <Name><![CDATA[logs]]></Name>
                    <URL><![CDATA[/logs/]]></URL>
                    <FullURL><![CDATA[http://eksamindef.mod.gov.my/logs/]]></FullURL>
                </SiteFile>
<SiteFile id="8">
                    <Name><![CDATA[month.php]]></Name>
                    <URL><![CDATA[/month.php]]></URL>
                    <FullURL><![CDATA[http://eksamindef.mod.gov.my/month.php]]></FullURL>
                    <Inputs>
                                <Variable Name="area" Type="URL encoded GET"/>
                                <Variable Name="day" Type="URL encoded GET"/>
                                <Variable Name="month" Type="URL encoded GET"/>
                                <Variable Name="year" Type="URL encoded GET"/>
                                <Variable Name="month" Type="URL encoded GET"/>
                                <Variable Name="year" Type="URL encoded GET"/>
                                <Variable Name="Referer" Type="HTTP Header"/>
                                <Variable Name="User-Agent" Type="HTTP Header"/>
                                <Variable Name="X-Forwarded-For" Type="HTTP Header"/>
                                <Variable Name="PHPSESSID" Type="Cookie"/>
                                <Variable Name="BNES_PHPSESSID" Type="Cookie"/>
                                <Variable Name="area" Type="URL encoded GET"/>
                                <Variable Name="day" Type="URL encoded GET"/>
                                <Variable Name="month" Type="URL encoded GET"/>
                                <Variable Name="room" Type="URL encoded GET"/>
                                <Variable Name="year" Type="URL encoded GET"/>
                    </Inputs>
                </SiteFile>
<SiteFile id="9">
                    <Name><![CDATA[mrbs-ie.css]]></Name>
                    <URL><![CDATA[/mrbs-ie.css]]></URL>
                    <FullURL><![CDATA[http://eksamindef.mod.gov.my/mrbs-ie.css]]></FullURL>
                </SiteFile>
<SiteFile id="10">
                    <Name><![CDATA[mrbs-ie8.css]]></Name>
                    <URL><![CDATA[/mrbs-ie8.css]]></URL>
                    <FullURL><![CDATA[http://eksamindef.mod.gov.my/mrbs-ie8.css]]></FullURL>
                </SiteFile>
<SiteFile id="11">
                    <Name><![CDATA[mrbs-ielte6.css]]></Name>
                    <URL><![CDATA[/mrbs-ielte6.css]]></URL>
                    <FullURL><![CDATA[http://eksamindef.mod.gov.my/mrbs-ielte6.css]]></FullURL>
                </SiteFile>
<SiteFile id="12">
                    <Name><![CDATA[mrbs-ielte7.css]]></Name>
                    <URL><![CDATA[/mrbs-ielte7.css]]></URL>
                    <FullURL><![CDATA[http://eksamindef.mod.gov.my/mrbs-ielte7.css]]></FullURL>
                </SiteFile>
<SiteFile id="13">
                    <Name><![CDATA[mrbs-print.css]]></Name>
                    <URL><![CDATA[/mrbs-print.css]]></URL>
                    <FullURL><![CDATA[http://eksamindef.mod.gov.my/mrbs-print.css]]></FullURL>
                </SiteFile>
<SiteFile id="14">
                    <Name><![CDATA[mrbs.css.php]]></Name>
                    <URL><![CDATA[/mrbs.css.php]]></URL>
                    <FullURL><![CDATA[http://eksamindef.mod.gov.my/mrbs.css.php]]></FullURL>
                </SiteFile>
<SiteFile id="15">
                    <Name><![CDATA[report.php]]></Name>
                    <URL><![CDATA[/report.php]]></URL>
                    <FullURL><![CDATA[http://eksamindef.mod.gov.my/report.php]]></FullURL>
                    <Inputs>
                                <Variable Name="day" Type="URL encoded GET"/>
                                <Variable Name="month" Type="URL encoded GET"/>
                                <Variable Name="year" Type="URL encoded GET"/>
                                <Variable Name="Referer" Type="HTTP Header"/>
                                <Variable Name="User-Agent" Type="HTTP Header"/>
                                <Variable Name="X-Forwarded-For" Type="HTTP Header"/>
                                <Variable Name="PHPSESSID" Type="Cookie"/>
                                <Variable Name="BNES_PHPSESSID" Type="Cookie"/>
                    </Inputs>
                </SiteFile>
<SiteFile id="16">
                    <Name><![CDATA[rfGqAkXHgs]]></Name>
                    <URL><![CDATA[/rfGqAkXHgs]]></URL>
                    <FullURL><![CDATA[http://eksamindef.mod.gov.my/rfGqAkXHgs]]></FullURL>
                </SiteFile>
<SiteFile id="17">
                    <Name><![CDATA[robots.txt]]></Name>
                    <URL><![CDATA[/robots.txt]]></URL>
                    <FullURL><![CDATA[http://eksamindef.mod.gov.my/robots.txt]]></FullURL>
                </SiteFile>
<SiteFile id="18">
                    <Name><![CDATA[search.php]]></Name>
                    <URL><![CDATA[/search.php]]></URL>
                    <FullURL><![CDATA[http://eksamindef.mod.gov.my/search.php]]></FullURL>
                    <Inputs>
                                <Variable Name="advanced" Type="URL encoded GET"/>
                                <Variable Name="Referer" Type="HTTP Header"/>
                                <Variable Name="User-Agent" Type="HTTP Header"/>
                                <Variable Name="X-Forwarded-For" Type="HTTP Header"/>
                                <Variable Name="PHPSESSID" Type="Cookie"/>
                                <Variable Name="BNES_PHPSESSID" Type="Cookie"/>
                                <Variable Name="day" Type="URL encoded GET"/>
                                <Variable Name="month" Type="URL encoded GET"/>
                                <Variable Name="search_str" Type="URL encoded GET"/>
                                <Variable Name="year" Type="URL encoded GET"/>
                    </Inputs>
                </SiteFile>
<SiteFile id="19">
                    <Name><![CDATA[tmp]]></Name>
                    <URL><![CDATA[/tmp/]]></URL>
                    <FullURL><![CDATA[http://eksamindef.mod.gov.my/tmp/]]></FullURL>
                </SiteFile>
<SiteFile id="20">
                    <Name><![CDATA[view_entry.php]]></Name>
                    <URL><![CDATA[/view_entry.php]]></URL>
                    <FullURL><![CDATA[http://eksamindef.mod.gov.my/view_entry.php]]></FullURL>
                    <Inputs>
                                <Variable Name="day" Type="URL encoded GET"/>
                                <Variable Name="id" Type="URL encoded GET"/>
                                <Variable Name="month" Type="URL encoded GET"/>
                                <Variable Name="year" Type="URL encoded GET"/>
                                <Variable Name="Referer" Type="HTTP Header"/>
                                <Variable Name="User-Agent" Type="HTTP Header"/>
                                <Variable Name="X-Forwarded-For" Type="HTTP Header"/>
                                <Variable Name="PHPSESSID" Type="Cookie"/>
                                <Variable Name="BNES_PHPSESSID" Type="Cookie"/>
                    </Inputs>
                </SiteFile>
<SiteFile id="21">
                    <Name><![CDATA[week.php]]></Name>
                    <URL><![CDATA[/week.php]]></URL>
                    <FullURL><![CDATA[http://eksamindef.mod.gov.my/week.php]]></FullURL>
                    <Inputs>
                                <Variable Name="area" Type="URL encoded GET"/>
                                <Variable Name="day" Type="URL encoded GET"/>
                                <Variable Name="month" Type="URL encoded GET"/>
                                <Variable Name="room" Type="URL encoded GET"/>
                                <Variable Name="year" Type="URL encoded GET"/>
                                <Variable Name="Referer" Type="HTTP Header"/>
                                <Variable Name="User-Agent" Type="HTTP Header"/>
                                <Variable Name="X-Forwarded-For" Type="HTTP Header"/>
                                <Variable Name="PHPSESSID" Type="Cookie"/>
                                <Variable Name="BNES_PHPSESSID" Type="Cookie"/>
                    </Inputs>
                </SiteFile>
<SiteFile id="22">
                    <Name><![CDATA[xbLib.js]]></Name>
                    <URL><![CDATA[/xbLib.js]]></URL>
                    <FullURL><![CDATA[http://eksamindef.mod.gov.my/xbLib.js]]></FullURL>
                </SiteFile>
            </SiteFiles>
        </Crawler>
        <ReportItems>
<ReportItem id="1" color="red">
                <Name><![CDATA[Cross site scripting]]></Name>
                <ModuleName><![CDATA[/Scripts/PerFile/XSS_in_URI_File.script]]></ModuleName>
                <Details><![CDATA[
URI was set to <strong><span class="bb-dark">&quot;khBQ=&#x27;AyHK([!+!])&#x27;4fJ=&quot;</span></strong>
<br/>The input is reflected inside a tag parameter between double quotes.]]></Details>
                <Affects><![CDATA[/]]></Affects>
                <Parameter><![CDATA[]]></Parameter>
                <AOP_SourceFile><![CDATA[]]></AOP_SourceFile>
                <AOP_SourceLine></AOP_SourceLine>
                <AOP_Additional><![CDATA[]]></AOP_Additional>
                <IsFalsePositive><![CDATA[]]></IsFalsePositive>
                <Severity><![CDATA[high]]></Severity>
                <Type><![CDATA[xss]]></Type>
                <Impact><![CDATA[Malicious JavaScript has access to all the same objects as the rest of the web page, including access to cookies and local storage, which are often used to store session tokens. If an attacker can obtain a user's session cookie, they can then impersonate that user.<br/><br/>
Furthermore, JavaScript can read and make arbitrary modifications to the contents of a page being displayed to a user. Therefore, XSS in conjunction with some clever social engineering opens up a lot of possibilities for an attacker.]]></Impact>
                <Description><![CDATA[Cross-site Scripting (XSS) refers to client-side code injection attack wherein an attacker can execute malicious scripts into a legitimate website or web application. XSS occurs when a web application makes use of unvalidated or unencoded user input within the output it generates.]]></Description>
                <DetailedInformation><![CDATA[In order for a Cross-site scripting (XSS) attack to take place, an attacker does not directly target a victim. Instead, an attacker exploits a vulnerability in a web application visited by a victim, where the web application is used to deliver the malicious JavaScript. The victim's browser is not able to distinguish between malicious and legitimate JavaScript, and therefore, executes the attacker's malicious payload.<br/><br/>
Since cross-site scripting (XSS) is user input which is interpreted as code. In order to prevent XSS, secure input handling is necessary. The two fundamental methods of handling untrusted user input are <strong>encoding</strong> and <strong>validation</strong>.<br/><br/>
<ul>
  <li><strong>Encoding</strong> - Escapes user input so that browsers interpret it as <strong>data</strong>, not as code</li>
  <li><strong>Validation</strong> - Filters user input so that browsers interpret it as code without malicious commands</li>
</ul><br/>
Encoding and validation are two different techniques to preventing cross-site scripting (XSS). Deciding which should be used highly depends on the <strong>context</strong> within which the untrusted user input is being inserted.<br/><br/>
The following are two examples of the most common cross-site scripting (XSS) contexts.<br/>
<pre>
&lt;!-- HTML element --&gt;
&lt;div&gt;<strong><span class="bb-dark">userInput</span></strong>&lt;/div&gt;
&lt;!-- HTML attribute --&gt;
&lt;input value=&quot;<strong><span class="bb-dark">userInput</strong></span>&quot;&gt;
</pre>
The method for preventing cross-site (XSS) scripting in the two examples above is different. In the first example, where user input is inserted in an HTML element, HTML encoding is the correct way to prevent XSS. However, in the second example, where user input is inserted in an HTML attribute, validation (in this case, filtering out <code>'</code> and <code>&quot;</code>)is the appropriate prevention method.<br/>
<pre>
&lt;!-- Application code --&gt;
&lt;input value=&quot;<strong><span class="bb-dark">userInput</span></strong>&quot;&gt;
&lt;!-- Malicious string --&gt;
&quot;&gt;&lt;script&gt;...&lt;/script&gt;&lt;input value=&quot;
&lt;!-- Resulting code --&gt;
&lt;input value=&quot;<strong><span class="bb-dark">&quot;&gt;&lt;script&gt;...&lt;/script&gt;&lt;input value=&quot;</strong></span>&quot;&gt;
</pre>
In <strong>most</strong> of the time, encoding should be performed whenever user input is included in a page, however, as with the above example, in some cases, encoding has to be replaced by or complemented with validation.<br/><br/>
It's important to remember that secure input handling has to take into account which context of a page the user input is inserted into.]]></DetailedInformation>
                <Recommendation><![CDATA[Apply context-dependent encoding and/or validation to user input rendered on a page]]></Recommendation>
                <TechnicalDetails>
                    <Request><![CDATA[GET /report.php/%22%6B%68%42%51%3D%27%41%79%48%4B%28%5B%21%2B%21%5D%29%27%34%66%4A%3D%22 HTTP/1.1
Referer: http://eksamindef.mod.gov.my/
Cookie: PHPSESSID=htcosc5nev71rj0pag3gj84p55,BNES_PHPSESSID=N4ZSCIGQQFTPbwm+KqoyGXSLL0LWAbnSWv7SwhXwZYpwM3n/K3tRcm61nA9EIkWqEkWkTdQikzyIZJVAnweF5oAbMSF/18dwb2k71TWLwsc=;BNES_PHPSESSID=shMCy92G2ReT92QiTUJd80A+U9RZmu9428gu64D+hFk/tQqNTvzcd3diJVU3iPMG5mLtaKwNuON31w3cAyqni779S359yJeZAXbxhYVi70M=
Accept: text/html,application/xhtml+xml,application/xml;q=0.9,*/*;q=0.8
Accept-Encoding: gzip,deflate
Host: eksamindef.mod.gov.my
User-Agent: Mozilla/5.0 (Windows NT 10.0; Win64; x64) AppleWebKit/537.36 (KHTML, like Gecko) Chrome/73.0.3683.103 Safari/537.36
Connection: Keep-alive
]]></Request>
                </TechnicalDetails>
                <CWEList>
                    <CWE id="79"><![CDATA[CWE-79]]></CWE>
                </CWEList>
                <CVEList>
                </CVEList>
                <CVSS>
                  <Descriptor><![CDATA[AV:N/AC:L/Au:N/C:P/I:P/A:N]]></Descriptor>
                  <Score><![CDATA[6.4]]></Score>
                  <AV><![CDATA[Network_Accessible]]></AV>
                  <AC><![CDATA[Low]]></AC>
                  <Au><![CDATA[None]]></Au>
                  <C><![CDATA[Partial]]></C>
                  <I><![CDATA[Partial]]></I>
                  <A><![CDATA[None]]></A>
                  <E><![CDATA[]]></E>
                  <RL><![CDATA[]]></RL>
                  <RC><![CDATA[]]></RC>
                </CVSS>
                <CVSS3>
                  <Descriptor><![CDATA[CVSS:3.0/AV:N/AC:L/PR:N/UI:N/S:U/C:N/I:L/A:N]]></Descriptor>
                  <Score><![CDATA[5.3]]></Score>
                  <TempScore><![CDATA[]]></TempScore>
                  <EnvScore><![CDATA[]]></EnvScore>
                  <AV><![CDATA[Network]]></AV>
                  <AC><![CDATA[Low]]></AC>
                  <PR><![CDATA[None]]></PR>
                  <UI><![CDATA[None]]></UI>
                  <S><![CDATA[Unchanged]]></S>
                  <C><![CDATA[None]]></C>
                  <I><![CDATA[Low]]></I>
                  <A><![CDATA[None]]></A>
                  <E><![CDATA[]]></E>
                  <RL><![CDATA[]]></RL>
                  <RC><![CDATA[]]></RC>
                </CVSS3>
                <References>
                    <Reference>
                      <Database><![CDATA[Cross-site Scripting (XSS) Attack - Acunetix]]></Database>
                      <URL><![CDATA[https://www.acunetix.com/websitesecurity/cross-site-scripting/]]></URL>
                    </Reference>
                    <Reference>
                      <Database><![CDATA[Types of XSS - Acunetix]]></Database>
                      <URL><![CDATA[https://www.acunetix.com/websitesecurity/xss/]]></URL>
                    </Reference>
                    <Reference>
                      <Database><![CDATA[XSS Filter Evasion Cheat Sheet]]></Database>
                      <URL><![CDATA[https://www.owasp.org/index.php/XSS_Filter_Evasion_Cheat_Sheet]]></URL>
                    </Reference>
                    <Reference>
                      <Database><![CDATA[Excess XSS, a comprehensive tutorial on cross-site scripting]]></Database>
                      <URL><![CDATA[https://excess-xss.com/]]></URL>
                    </Reference>
                    <Reference>
                      <Database><![CDATA[Cross site scripting]]></Database>
                      <URL><![CDATA[https://en.wikipedia.org/wiki/Cross-site_scripting ]]></URL>
                    </Reference>
                </References>
            </ReportItem>
<ReportItem id="2" color="blue">
                <Name><![CDATA[Clickjacking: X-Frame-Options header missing]]></Name>
                <ModuleName><![CDATA[/Scripts/PerServer/Clickjacking_X_Frame_Options.script]]></ModuleName>
                <Details><![CDATA[]]></Details>
                <Affects><![CDATA[/]]></Affects>
                <Parameter><![CDATA[]]></Parameter>
                <AOP_SourceFile><![CDATA[]]></AOP_SourceFile>
                <AOP_SourceLine></AOP_SourceLine>
                <AOP_Additional><![CDATA[]]></AOP_Additional>
                <IsFalsePositive><![CDATA[]]></IsFalsePositive>
                <Severity><![CDATA[low]]></Severity>
                <Type><![CDATA[abuseoffunctionality]]></Type>
                <Impact><![CDATA[The impact depends on the affected web application.]]></Impact>
                <Description><![CDATA[Clickjacking (User Interface redress attack, UI redress attack, UI redressing) is a malicious technique of tricking a Web user into clicking on something different from what the user perceives they are clicking on, thus potentially revealing confidential information or taking control of their computer while clicking on seemingly innocuous web pages. <br/><br/>
The server didn't return an <strong>X-Frame-Options</strong> header which means that this website could be at risk of a clickjacking attack. The X-Frame-Options HTTP response header can be used to indicate whether or not a browser should be allowed to render a page inside a frame or iframe. Sites can use this to avoid clickjacking attacks, by ensuring that their content is not embedded into other sites.]]></Description>
                <DetailedInformation><![CDATA[]]></DetailedInformation>
                <Recommendation><![CDATA[Configure your web server to include an X-Frame-Options header and a CSP header with frame-ancestors directive. Consult Web references for more information about the possible values for this header.]]></Recommendation>
                <TechnicalDetails>
                    <Request><![CDATA[GET / HTTP/1.1
Accept: text/html,application/xhtml+xml,application/xml;q=0.9,*/*;q=0.8
Accept-Encoding: gzip,deflate
Host: eksamindef.mod.gov.my
User-Agent: Mozilla/5.0 (Windows NT 10.0; Win64; x64) AppleWebKit/537.36 (KHTML, like Gecko) Chrome/73.0.3683.103 Safari/537.36
Connection: Keep-alive
]]></Request>
                </TechnicalDetails>
                <CWEList>
                    <CWE id="693"><![CDATA[CWE-693]]></CWE>
                </CWEList>
                <CVEList>
                </CVEList>
                <CVSS>
                  <Descriptor><![CDATA[AV:N/AC:M/Au:N/C:N/I:P/A:N]]></Descriptor>
                  <Score><![CDATA[4.3]]></Score>
                  <AV><![CDATA[Network_Accessible]]></AV>
                  <AC><![CDATA[Medium]]></AC>
                  <Au><![CDATA[None]]></Au>
                  <C><![CDATA[None]]></C>
                  <I><![CDATA[Partial]]></I>
                  <A><![CDATA[None]]></A>
                  <E><![CDATA[]]></E>
                  <RL><![CDATA[]]></RL>
                  <RC><![CDATA[]]></RC>
                </CVSS>
                <CVSS3>
                  <Descriptor><![CDATA[CVSS:3.1/AV:N/AC:L/PR:N/UI:N/S:C/C:N/I:L/A:N]]></Descriptor>
                  <Score><![CDATA[5.8]]></Score>
                  <TempScore><![CDATA[]]></TempScore>
                  <EnvScore><![CDATA[]]></EnvScore>
                  <AV><![CDATA[Network]]></AV>
                  <AC><![CDATA[Low]]></AC>
                  <PR><![CDATA[None]]></PR>
                  <UI><![CDATA[None]]></UI>
                  <S><![CDATA[Changed]]></S>
                  <C><![CDATA[None]]></C>
                  <I><![CDATA[Low]]></I>
                  <A><![CDATA[None]]></A>
                  <E><![CDATA[]]></E>
                  <RL><![CDATA[]]></RL>
                  <RC><![CDATA[]]></RC>
                </CVSS3>
                <References>
                    <Reference>
                      <Database><![CDATA[The X-Frame-Options response header]]></Database>
                      <URL><![CDATA[https://developer.mozilla.org/en-US/docs/Web/HTTP/Headers/X-Frame-Options]]></URL>
                    </Reference>
                    <Reference>
                      <Database><![CDATA[Clickjacking]]></Database>
                      <URL><![CDATA[https://en.wikipedia.org/wiki/Clickjacking]]></URL>
                    </Reference>
                    <Reference>
                      <Database><![CDATA[OWASP Clickjacking]]></Database>
                      <URL><![CDATA[https://cheatsheetseries.owasp.org/cheatsheets/Clickjacking_Defense_Cheat_Sheet.html]]></URL>
                    </Reference>
                    <Reference>
                      <Database><![CDATA[Frame Buster Buster]]></Database>
                      <URL><![CDATA[https://stackoverflow.com/questions/958997/frame-buster-buster-buster-code-needed]]></URL>
                    </Reference>
                </References>
            </ReportItem>
<ReportItem id="3" color="blue">
                <Name><![CDATA[Cookie(s) with missing, inconsistent, or contradictory properties. (verified)]]></Name>
                <ModuleName><![CDATA[/RPA/Cookie_Validator.js]]></ModuleName>
                <Details><![CDATA[A cookie was set with the following response header: <br/><br/><code>Set-Cookie: PHPSESSID=htcosc5nev71rj0pag3gj84p55</code><br/><br/>This cookie has the following issues: <br/><br/><li><strong>Cookie without SameSite attribute.</strong> When cookies lack the SameSite attribute, Web browsers may apply different and sometimes unexpected defaults. It is therefore recommended to add a SameSite attribute with an appropriate value of either &quot;Strict&quot;, &quot;Lax&quot;, or &quot;None&quot;.</li>]]></Details>
                <Affects><![CDATA[/]]></Affects>
                <Parameter><![CDATA[]]></Parameter>
                <AOP_SourceFile><![CDATA[]]></AOP_SourceFile>
                <AOP_SourceLine></AOP_SourceLine>
                <AOP_Additional><![CDATA[]]></AOP_Additional>
                <IsFalsePositive><![CDATA[]]></IsFalsePositive>
                <Severity><![CDATA[low]]></Severity>
                <Type><![CDATA[configuration]]></Type>
                <Impact><![CDATA[Cookies will not be stored, or submitted, by web browsers.]]></Impact>
                <Description><![CDATA[At least one of the cookie's properties causes the cookie to be invalid or incompatible with either a different property of the same cookie, of with the environment the cookie is being used in. Although this is not a vulnerability in itself, it will likely lead to unexpected behavior by the application, which in turn may cause secondary security issues.]]></Description>
                <DetailedInformation><![CDATA[]]></DetailedInformation>
                <Recommendation><![CDATA[Ensure that the cookie configuration complies with the applicable standards.]]></Recommendation>
                <TechnicalDetails>
                    <Request><![CDATA[GET /month.php HTTP/1.1
Referer: http://eksamindef.mod.gov.my/
User-Agent: Mozilla/5.0 (Windows NT 10.0; Win64; x64) AppleWebKit/537.36 (KHTML, like Gecko) Chrome/73.0.3683.103 Safari/537.36
Cookie: PHPSESSID=t858pgge5okft8m177ars487n5;BNES_PHPSESSID=shMCy92G2ReT92QiTUJd80A%2BU9RZmu9428gu64D%2BhFk/tQqNTvzcd3diJVU3iPMG5mLtaKwNuON31w3cAyqni779S359yJeZAXbxhYVi70M=
Accept: text/html,application/xhtml+xml,application/xml;q=0.9,*/*;q=0.8
Accept-Encoding: gzip,deflate
Host: eksamindef.mod.gov.my
Connection: Keep-alive
]]></Request>
                </TechnicalDetails>
                <CWEList>
                    <CWE id="16"><![CDATA[CWE-16]]></CWE>
                </CWEList>
                <CVEList>
                </CVEList>
                <CVSS>
                  <Descriptor><![CDATA[AV:N/AC:L/Au:N/C:N/I:N/A:N]]></Descriptor>
                  <Score><![CDATA[0.0]]></Score>
                  <AV><![CDATA[Network_Accessible]]></AV>
                  <AC><![CDATA[Low]]></AC>
                  <Au><![CDATA[None]]></Au>
                  <C><![CDATA[None]]></C>
                  <I><![CDATA[None]]></I>
                  <A><![CDATA[None]]></A>
                  <E><![CDATA[]]></E>
                  <RL><![CDATA[]]></RL>
                  <RC><![CDATA[]]></RC>
                </CVSS>
                <CVSS3>
                  <Descriptor><![CDATA[CVSS:3.1/AV:N/AC:L/PR:N/UI:R/S:U/C:N/I:N/A:N]]></Descriptor>
                  <Score><![CDATA[0.0]]></Score>
                  <TempScore><![CDATA[]]></TempScore>
                  <EnvScore><![CDATA[]]></EnvScore>
                  <AV><![CDATA[Network]]></AV>
                  <AC><![CDATA[Low]]></AC>
                  <PR><![CDATA[None]]></PR>
                  <UI><![CDATA[Required]]></UI>
                  <S><![CDATA[Unchanged]]></S>
                  <C><![CDATA[None]]></C>
                  <I><![CDATA[None]]></I>
                  <A><![CDATA[None]]></A>
                  <E><![CDATA[]]></E>
                  <RL><![CDATA[]]></RL>
                  <RC><![CDATA[]]></RC>
                </CVSS3>
                <References>
                    <Reference>
                      <Database><![CDATA[MDN | Set-Cookie]]></Database>
                      <URL><![CDATA[https://developer.mozilla.org/en-US/docs/Web/HTTP/Headers/Set-Cookie]]></URL>
                    </Reference>
                    <Reference>
                      <Database><![CDATA[Securing cookies with cookie prefixes]]></Database>
                      <URL><![CDATA[https://www.sjoerdlangkemper.nl/2017/02/09/cookie-prefixes/]]></URL>
                    </Reference>
                    <Reference>
                      <Database><![CDATA[Cookies: HTTP State Management Mechanism]]></Database>
                      <URL><![CDATA[https://tools.ietf.org/html/draft-ietf-httpbis-rfc6265bis-05]]></URL>
                    </Reference>
                    <Reference>
                      <Database><![CDATA[SameSite Updates - The Chromium Projects]]></Database>
                      <URL><![CDATA[https://www.chromium.org/updates/same-site]]></URL>
                    </Reference>
                    <Reference>
                      <Database><![CDATA[draft-west-first-party-cookies-07: Same-site Cookies]]></Database>
                      <URL><![CDATA[https://tools.ietf.org/html/draft-west-first-party-cookies-07]]></URL>
                    </Reference>
                </References>
            </ReportItem>
<ReportItem id="4" color="blue">
                <Name><![CDATA[Cookie(s) with missing, inconsistent, or contradictory properties. (verified)]]></Name>
                <ModuleName><![CDATA[/RPA/Cookie_Validator.js]]></ModuleName>
                <Details><![CDATA[A cookie was set with the following response header: <br/><br/><code>Set-Cookie: BNES_PHPSESSID=N4ZSCIGQQFTPbwm+KqoyGXSLL0LWAbnSWv7SwhXwZYpwM3n/K3tRcm61nA9EIkWqEkWkTdQikzyIZJVAnweF5oAbMSF/18dwb2k71TWLwsc=</code><br/><br/>This cookie has the following issues: <br/><br/><li><strong>Cookie without SameSite attribute.</strong> When cookies lack the SameSite attribute, Web browsers may apply different and sometimes unexpected defaults. It is therefore recommended to add a SameSite attribute with an appropriate value of either &quot;Strict&quot;, &quot;Lax&quot;, or &quot;None&quot;.</li>]]></Details>
                <Affects><![CDATA[/]]></Affects>
                <Parameter><![CDATA[]]></Parameter>
                <AOP_SourceFile><![CDATA[]]></AOP_SourceFile>
                <AOP_SourceLine></AOP_SourceLine>
                <AOP_Additional><![CDATA[]]></AOP_Additional>
                <IsFalsePositive><![CDATA[]]></IsFalsePositive>
                <Severity><![CDATA[low]]></Severity>
                <Type><![CDATA[configuration]]></Type>
                <Impact><![CDATA[Cookies will not be stored, or submitted, by web browsers.]]></Impact>
                <Description><![CDATA[At least one of the cookie's properties causes the cookie to be invalid or incompatible with either a different property of the same cookie, of with the environment the cookie is being used in. Although this is not a vulnerability in itself, it will likely lead to unexpected behavior by the application, which in turn may cause secondary security issues.]]></Description>
                <DetailedInformation><![CDATA[]]></DetailedInformation>
                <Recommendation><![CDATA[Ensure that the cookie configuration complies with the applicable standards.]]></Recommendation>
                <TechnicalDetails>
                    <Request><![CDATA[GET /month.php HTTP/1.1
Referer: http://eksamindef.mod.gov.my/
User-Agent: Mozilla/5.0 (Windows NT 10.0; Win64; x64) AppleWebKit/537.36 (KHTML, like Gecko) Chrome/73.0.3683.103 Safari/537.36
Cookie: PHPSESSID=t858pgge5okft8m177ars487n5;BNES_PHPSESSID=shMCy92G2ReT92QiTUJd80A%2BU9RZmu9428gu64D%2BhFk/tQqNTvzcd3diJVU3iPMG5mLtaKwNuON31w3cAyqni779S359yJeZAXbxhYVi70M=
Accept: text/html,application/xhtml+xml,application/xml;q=0.9,*/*;q=0.8
Accept-Encoding: gzip,deflate
Host: eksamindef.mod.gov.my
Connection: Keep-alive
]]></Request>
                </TechnicalDetails>
                <CWEList>
                    <CWE id="16"><![CDATA[CWE-16]]></CWE>
                </CWEList>
                <CVEList>
                </CVEList>
                <CVSS>
                  <Descriptor><![CDATA[AV:N/AC:L/Au:N/C:N/I:N/A:N]]></Descriptor>
                  <Score><![CDATA[0.0]]></Score>
                  <AV><![CDATA[Network_Accessible]]></AV>
                  <AC><![CDATA[Low]]></AC>
                  <Au><![CDATA[None]]></Au>
                  <C><![CDATA[None]]></C>
                  <I><![CDATA[None]]></I>
                  <A><![CDATA[None]]></A>
                  <E><![CDATA[]]></E>
                  <RL><![CDATA[]]></RL>
                  <RC><![CDATA[]]></RC>
                </CVSS>
                <CVSS3>
                  <Descriptor><![CDATA[CVSS:3.1/AV:N/AC:L/PR:N/UI:R/S:U/C:N/I:N/A:N]]></Descriptor>
                  <Score><![CDATA[0.0]]></Score>
                  <TempScore><![CDATA[]]></TempScore>
                  <EnvScore><![CDATA[]]></EnvScore>
                  <AV><![CDATA[Network]]></AV>
                  <AC><![CDATA[Low]]></AC>
                  <PR><![CDATA[None]]></PR>
                  <UI><![CDATA[Required]]></UI>
                  <S><![CDATA[Unchanged]]></S>
                  <C><![CDATA[None]]></C>
                  <I><![CDATA[None]]></I>
                  <A><![CDATA[None]]></A>
                  <E><![CDATA[]]></E>
                  <RL><![CDATA[]]></RL>
                  <RC><![CDATA[]]></RC>
                </CVSS3>
                <References>
                    <Reference>
                      <Database><![CDATA[MDN | Set-Cookie]]></Database>
                      <URL><![CDATA[https://developer.mozilla.org/en-US/docs/Web/HTTP/Headers/Set-Cookie]]></URL>
                    </Reference>
                    <Reference>
                      <Database><![CDATA[Securing cookies with cookie prefixes]]></Database>
                      <URL><![CDATA[https://www.sjoerdlangkemper.nl/2017/02/09/cookie-prefixes/]]></URL>
                    </Reference>
                    <Reference>
                      <Database><![CDATA[Cookies: HTTP State Management Mechanism]]></Database>
                      <URL><![CDATA[https://tools.ietf.org/html/draft-ietf-httpbis-rfc6265bis-05]]></URL>
                    </Reference>
                    <Reference>
                      <Database><![CDATA[SameSite Updates - The Chromium Projects]]></Database>
                      <URL><![CDATA[https://www.chromium.org/updates/same-site]]></URL>
                    </Reference>
                    <Reference>
                      <Database><![CDATA[draft-west-first-party-cookies-07: Same-site Cookies]]></Database>
                      <URL><![CDATA[https://tools.ietf.org/html/draft-west-first-party-cookies-07]]></URL>
                    </Reference>
                </References>
            </ReportItem>
<ReportItem id="5" color="blue">
                <Name><![CDATA[Cookie(s) without HttpOnly flag set (verified)]]></Name>
                <ModuleName><![CDATA[/RPA/Cookie_Without_HttpOnly.js]]></ModuleName>
                <Details><![CDATA[Set-Cookie: PHPSESSID=htcosc5nev71rj0pag3gj84p55]]></Details>
                <Affects><![CDATA[/]]></Affects>
                <Parameter><![CDATA[]]></Parameter>
                <AOP_SourceFile><![CDATA[]]></AOP_SourceFile>
                <AOP_SourceLine></AOP_SourceLine>
                <AOP_Additional><![CDATA[]]></AOP_Additional>
                <IsFalsePositive><![CDATA[]]></IsFalsePositive>
                <Severity><![CDATA[low]]></Severity>
                <Type><![CDATA[configuration]]></Type>
                <Impact><![CDATA[Cookies can be accessed by client-side scripts.]]></Impact>
                <Description><![CDATA[This cookie does not have the HttpOnly flag set. When a cookie is set with the HttpOnly flag, it instructs the browser that the cookie can only be accessed by the server and not by client-side scripts. This is an important security protection for session cookies.]]></Description>
                <DetailedInformation><![CDATA[]]></DetailedInformation>
                <Recommendation><![CDATA[If possible, you should set the HttpOnly flag for this cookie.]]></Recommendation>
                <TechnicalDetails>
                    <Request><![CDATA[GET /month.php HTTP/1.1
Referer: http://eksamindef.mod.gov.my/
User-Agent: Mozilla/5.0 (Windows NT 10.0; Win64; x64) AppleWebKit/537.36 (KHTML, like Gecko) Chrome/73.0.3683.103 Safari/537.36
Cookie: PHPSESSID=t858pgge5okft8m177ars487n5;BNES_PHPSESSID=shMCy92G2ReT92QiTUJd80A%2BU9RZmu9428gu64D%2BhFk/tQqNTvzcd3diJVU3iPMG5mLtaKwNuON31w3cAyqni779S359yJeZAXbxhYVi70M=
Accept: text/html,application/xhtml+xml,application/xml;q=0.9,*/*;q=0.8
Accept-Encoding: gzip,deflate
Host: eksamindef.mod.gov.my
Connection: Keep-alive
]]></Request>
                </TechnicalDetails>
                <CWEList>
                    <CWE id="16"><![CDATA[CWE-16]]></CWE>
                </CWEList>
                <CVEList>
                </CVEList>
                <CVSS>
                  <Descriptor><![CDATA[AV:N/AC:L/Au:N/C:N/I:N/A:N]]></Descriptor>
                  <Score><![CDATA[0.0]]></Score>
                  <AV><![CDATA[Network_Accessible]]></AV>
                  <AC><![CDATA[Low]]></AC>
                  <Au><![CDATA[None]]></Au>
                  <C><![CDATA[None]]></C>
                  <I><![CDATA[None]]></I>
                  <A><![CDATA[None]]></A>
                  <E><![CDATA[]]></E>
                  <RL><![CDATA[]]></RL>
                  <RC><![CDATA[]]></RC>
                </CVSS>
                <CVSS3>
                  <Descriptor><![CDATA[CVSS:3.1/AV:N/AC:L/PR:N/UI:R/S:U/C:N/I:N/A:N]]></Descriptor>
                  <Score><![CDATA[0.0]]></Score>
                  <TempScore><![CDATA[]]></TempScore>
                  <EnvScore><![CDATA[]]></EnvScore>
                  <AV><![CDATA[Network]]></AV>
                  <AC><![CDATA[Low]]></AC>
                  <PR><![CDATA[None]]></PR>
                  <UI><![CDATA[Required]]></UI>
                  <S><![CDATA[Unchanged]]></S>
                  <C><![CDATA[None]]></C>
                  <I><![CDATA[None]]></I>
                  <A><![CDATA[None]]></A>
                  <E><![CDATA[]]></E>
                  <RL><![CDATA[]]></RL>
                  <RC><![CDATA[]]></RC>
                </CVSS3>
                <References>
                </References>
            </ReportItem>
<ReportItem id="6" color="blue">
                <Name><![CDATA[Cookie(s) without HttpOnly flag set (verified)]]></Name>
                <ModuleName><![CDATA[/RPA/Cookie_Without_HttpOnly.js]]></ModuleName>
                <Details><![CDATA[Set-Cookie: BNES_PHPSESSID=N4ZSCIGQQFTPbwm+KqoyGXSLL0LWAbnSWv7SwhXwZYpwM3n/K3tRcm61nA9EIkWqEkWkTdQikzyIZJVAnweF5oAbMSF/18dwb2k71TWLwsc=]]></Details>
                <Affects><![CDATA[/]]></Affects>
                <Parameter><![CDATA[]]></Parameter>
                <AOP_SourceFile><![CDATA[]]></AOP_SourceFile>
                <AOP_SourceLine></AOP_SourceLine>
                <AOP_Additional><![CDATA[]]></AOP_Additional>
                <IsFalsePositive><![CDATA[]]></IsFalsePositive>
                <Severity><![CDATA[low]]></Severity>
                <Type><![CDATA[configuration]]></Type>
                <Impact><![CDATA[Cookies can be accessed by client-side scripts.]]></Impact>
                <Description><![CDATA[This cookie does not have the HttpOnly flag set. When a cookie is set with the HttpOnly flag, it instructs the browser that the cookie can only be accessed by the server and not by client-side scripts. This is an important security protection for session cookies.]]></Description>
                <DetailedInformation><![CDATA[]]></DetailedInformation>
                <Recommendation><![CDATA[If possible, you should set the HttpOnly flag for this cookie.]]></Recommendation>
                <TechnicalDetails>
                    <Request><![CDATA[GET /month.php HTTP/1.1
Referer: http://eksamindef.mod.gov.my/
User-Agent: Mozilla/5.0 (Windows NT 10.0; Win64; x64) AppleWebKit/537.36 (KHTML, like Gecko) Chrome/73.0.3683.103 Safari/537.36
Cookie: PHPSESSID=t858pgge5okft8m177ars487n5;BNES_PHPSESSID=shMCy92G2ReT92QiTUJd80A%2BU9RZmu9428gu64D%2BhFk/tQqNTvzcd3diJVU3iPMG5mLtaKwNuON31w3cAyqni779S359yJeZAXbxhYVi70M=
Accept: text/html,application/xhtml+xml,application/xml;q=0.9,*/*;q=0.8
Accept-Encoding: gzip,deflate
Host: eksamindef.mod.gov.my
Connection: Keep-alive
]]></Request>
                </TechnicalDetails>
                <CWEList>
                    <CWE id="16"><![CDATA[CWE-16]]></CWE>
                </CWEList>
                <CVEList>
                </CVEList>
                <CVSS>
                  <Descriptor><![CDATA[AV:N/AC:L/Au:N/C:N/I:N/A:N]]></Descriptor>
                  <Score><![CDATA[0.0]]></Score>
                  <AV><![CDATA[Network_Accessible]]></AV>
                  <AC><![CDATA[Low]]></AC>
                  <Au><![CDATA[None]]></Au>
                  <C><![CDATA[None]]></C>
                  <I><![CDATA[None]]></I>
                  <A><![CDATA[None]]></A>
                  <E><![CDATA[]]></E>
                  <RL><![CDATA[]]></RL>
                  <RC><![CDATA[]]></RC>
                </CVSS>
                <CVSS3>
                  <Descriptor><![CDATA[CVSS:3.1/AV:N/AC:L/PR:N/UI:R/S:U/C:N/I:N/A:N]]></Descriptor>
                  <Score><![CDATA[0.0]]></Score>
                  <TempScore><![CDATA[]]></TempScore>
                  <EnvScore><![CDATA[]]></EnvScore>
                  <AV><![CDATA[Network]]></AV>
                  <AC><![CDATA[Low]]></AC>
                  <PR><![CDATA[None]]></PR>
                  <UI><![CDATA[Required]]></UI>
                  <S><![CDATA[Unchanged]]></S>
                  <C><![CDATA[None]]></C>
                  <I><![CDATA[None]]></I>
                  <A><![CDATA[None]]></A>
                  <E><![CDATA[]]></E>
                  <RL><![CDATA[]]></RL>
                  <RC><![CDATA[]]></RC>
                </CVSS3>
                <References>
                </References>
            </ReportItem>
<ReportItem id="7" color="blue">
                <Name><![CDATA[Possible sensitive files]]></Name>
                <ModuleName><![CDATA[/Scripts/PerFolder/Possible_Sensitive_Files.script]]></ModuleName>
                <Details><![CDATA[<br/>
]]></Details>
                <Affects><![CDATA[/admin.php]]></Affects>
                <Parameter><![CDATA[]]></Parameter>
                <AOP_SourceFile><![CDATA[]]></AOP_SourceFile>
                <AOP_SourceLine></AOP_SourceLine>
                <AOP_Additional><![CDATA[]]></AOP_Additional>
                <IsFalsePositive><![CDATA[]]></IsFalsePositive>
                <Severity><![CDATA[low]]></Severity>
                <Type><![CDATA[informationdisclosure]]></Type>
                <Impact><![CDATA[This file may expose sensitive information that could help a malicious user to prepare more advanced attacks.]]></Impact>
                <Description><![CDATA[A possible sensitive file has been found. This file is not directly linked from the website. This check looks for common sensitive resources like password files, configuration files, log files, include files, statistics data, database dumps. Each one of these files could help an attacker to learn more about his target.]]></Description>
                <DetailedInformation><![CDATA[]]></DetailedInformation>
                <Recommendation><![CDATA[Restrict access to this file or remove it from the website.]]></Recommendation>
                <TechnicalDetails>
                    <Request><![CDATA[GET /admin.php HTTP/1.1
Accept: acunetix/wvs
Cookie: PHPSESSID=t858pgge5okft8m177ars487n5;BNES_PHPSESSID=shMCy92G2ReT92QiTUJd80A+U9RZmu9428gu64D+hFk/tQqNTvzcd3diJVU3iPMG5mLtaKwNuON31w3cAyqni779S359yJeZAXbxhYVi70M=
Accept-Encoding: gzip,deflate
Host: eksamindef.mod.gov.my
User-Agent: Mozilla/5.0 (Windows NT 10.0; Win64; x64) AppleWebKit/537.36 (KHTML, like Gecko) Chrome/73.0.3683.103 Safari/537.36
Connection: Keep-alive
]]></Request>
                </TechnicalDetails>
                <CWEList>
                    <CWE id="200"><![CDATA[CWE-200]]></CWE>
                </CWEList>
                <CVEList>
                </CVEList>
                <CVSS>
                  <Descriptor><![CDATA[AV:N/AC:L/Au:N/C:P/I:N/A:N]]></Descriptor>
                  <Score><![CDATA[5.0]]></Score>
                  <AV><![CDATA[Network_Accessible]]></AV>
                  <AC><![CDATA[Low]]></AC>
                  <Au><![CDATA[None]]></Au>
                  <C><![CDATA[Partial]]></C>
                  <I><![CDATA[None]]></I>
                  <A><![CDATA[None]]></A>
                  <E><![CDATA[]]></E>
                  <RL><![CDATA[]]></RL>
                  <RC><![CDATA[]]></RC>
                </CVSS>
                <CVSS3>
                  <Descriptor><![CDATA[CVSS:3.0/AV:N/AC:L/PR:N/UI:N/S:U/C:H/I:N/A:N]]></Descriptor>
                  <Score><![CDATA[7.5]]></Score>
                  <TempScore><![CDATA[]]></TempScore>
                  <EnvScore><![CDATA[]]></EnvScore>
                  <AV><![CDATA[Network]]></AV>
                  <AC><![CDATA[Low]]></AC>
                  <PR><![CDATA[None]]></PR>
                  <UI><![CDATA[None]]></UI>
                  <S><![CDATA[Unchanged]]></S>
                  <C><![CDATA[High]]></C>
                  <I><![CDATA[None]]></I>
                  <A><![CDATA[None]]></A>
                  <E><![CDATA[]]></E>
                  <RL><![CDATA[]]></RL>
                  <RC><![CDATA[]]></RC>
                </CVSS3>
                <References>
                    <Reference>
                      <Database><![CDATA[Web Server Security and Database Server Security]]></Database>
                      <URL><![CDATA[https://www.acunetix.com/websitesecurity/webserver-security/]]></URL>
                    </Reference>
                </References>
            </ReportItem>
<ReportItem id="8" color="blue">
                <Name><![CDATA[Unencrypted connection (verified)]]></Name>
                <ModuleName><![CDATA[/RPA/no_https.js]]></ModuleName>
                <Details><![CDATA[]]></Details>
                <Affects><![CDATA[/]]></Affects>
                <Parameter><![CDATA[]]></Parameter>
                <AOP_SourceFile><![CDATA[]]></AOP_SourceFile>
                <AOP_SourceLine></AOP_SourceLine>
                <AOP_Additional><![CDATA[]]></AOP_Additional>
                <IsFalsePositive><![CDATA[]]></IsFalsePositive>
                <Severity><![CDATA[low]]></Severity>
                <Type><![CDATA[weakcrypto]]></Type>
                <Impact><![CDATA[Possible information disclosure.]]></Impact>
                <Description><![CDATA[This scan target was connected to over an unencrypted connection. A potential attacker can intercept and modify data sent and received from this site.]]></Description>
                <DetailedInformation><![CDATA[]]></DetailedInformation>
                <Recommendation><![CDATA[The site should send and receive data over a secure (HTTPS) connection.]]></Recommendation>
                <TechnicalDetails>
                    <Request><![CDATA[GET / HTTP/1.1
Referer: http://eksamindef.mod.gov.my/
Accept: text/html,application/xhtml+xml,application/xml;q=0.9,*/*;q=0.8
Accept-Encoding: gzip,deflate
Host: eksamindef.mod.gov.my
User-Agent: Mozilla/5.0 (Windows NT 10.0; Win64; x64) AppleWebKit/537.36 (KHTML, like Gecko) Chrome/73.0.3683.103 Safari/537.36
Connection: Keep-alive
]]></Request>
                </TechnicalDetails>
                <CWEList>
                    <CWE id="310"><![CDATA[CWE-310]]></CWE>
                </CWEList>
                <CVEList>
                </CVEList>
                <CVSS>
                  <Descriptor><![CDATA[AV:N/AC:M/Au:N/C:P/I:P/A:N]]></Descriptor>
                  <Score><![CDATA[5.8]]></Score>
                  <AV><![CDATA[Network_Accessible]]></AV>
                  <AC><![CDATA[Medium]]></AC>
                  <Au><![CDATA[None]]></Au>
                  <C><![CDATA[Partial]]></C>
                  <I><![CDATA[Partial]]></I>
                  <A><![CDATA[None]]></A>
                  <E><![CDATA[]]></E>
                  <RL><![CDATA[]]></RL>
                  <RC><![CDATA[]]></RC>
                </CVSS>
                <CVSS3>
                  <Descriptor><![CDATA[CVSS:3.0/AV:N/AC:L/PR:N/UI:N/S:U/C:H/I:H/A:N]]></Descriptor>
                  <Score><![CDATA[9.1]]></Score>
                  <TempScore><![CDATA[]]></TempScore>
                  <EnvScore><![CDATA[]]></EnvScore>
                  <AV><![CDATA[Network]]></AV>
                  <AC><![CDATA[Low]]></AC>
                  <PR><![CDATA[None]]></PR>
                  <UI><![CDATA[None]]></UI>
                  <S><![CDATA[Unchanged]]></S>
                  <C><![CDATA[High]]></C>
                  <I><![CDATA[High]]></I>
                  <A><![CDATA[None]]></A>
                  <E><![CDATA[]]></E>
                  <RL><![CDATA[]]></RL>
                  <RC><![CDATA[]]></RC>
                </CVSS3>
                <References>
                </References>
            </ReportItem>
<ReportItem id="9" color="green">
                <Name><![CDATA[Content Security Policy (CSP) not implemented]]></Name>
                <ModuleName><![CDATA[/httpdata/CSP_not_implemented.js]]></ModuleName>
                <Details><![CDATA[]]></Details>
                <Affects><![CDATA[/]]></Affects>
                <Parameter><![CDATA[]]></Parameter>
                <AOP_SourceFile><![CDATA[]]></AOP_SourceFile>
                <AOP_SourceLine></AOP_SourceLine>
                <AOP_Additional><![CDATA[]]></AOP_Additional>
                <IsFalsePositive><![CDATA[]]></IsFalsePositive>
                <Severity><![CDATA[informational]]></Severity>
                <Type><![CDATA[configuration]]></Type>
                <Impact><![CDATA[CSP can be used to prevent and/or mitigate attacks that involve content/code injection, such as cross-site scripting/XSS attacks, attacks that require embedding a malicious resource, attacks that involve malicious use of iframes, such as clickjacking attacks, and others.]]></Impact>
                <Description><![CDATA[Content Security Policy (CSP) is an added layer of security that helps to detect and mitigate certain types of attacks, including Cross Site Scripting (XSS) and data injection attacks. <br/><br/>
Content Security Policy (CSP) can be implemented by adding a <strong>Content-Security-Policy</strong> header. The value of this header is a string containing the policy directives describing your Content Security Policy. To implement CSP, you should define lists of allowed origins for the all of the types of resources that your site utilizes. For example, if you have a simple site that needs to load scripts, stylesheets, and images hosted locally, as well as from the jQuery library from their CDN, the CSP header could look like the following:
<pre><code>
Content-Security-Policy:
    default-src 'self';
    script-src 'self' https://code.jquery.com;
</code></pre>
<br/><br/>
It was detected that your web application doesn't implement Content Security Policy (CSP) as the CSP header is missing from the response. It's recommended to implement Content Security Policy (CSP) into your web application.]]></Description>
                <DetailedInformation><![CDATA[]]></DetailedInformation>
                <Recommendation><![CDATA[It's recommended to implement Content Security Policy (CSP) into your web application. Configuring Content Security Policy involves adding the <strong>Content-Security-Policy</strong> HTTP header to a web page and giving it values to control resources the user agent is allowed to load for that page.]]></Recommendation>
                <TechnicalDetails>
                    <Request><![CDATA[GET / HTTP/1.1
Referer: http://eksamindef.mod.gov.my/
Accept: text/html,application/xhtml+xml,application/xml;q=0.9,*/*;q=0.8
Accept-Encoding: gzip,deflate
Host: eksamindef.mod.gov.my
User-Agent: Mozilla/5.0 (Windows NT 10.0; Win64; x64) AppleWebKit/537.36 (KHTML, like Gecko) Chrome/73.0.3683.103 Safari/537.36
Connection: Keep-alive
]]></Request>
                </TechnicalDetails>
                <CWEList>
                    <CWE id="16"><![CDATA[CWE-16]]></CWE>
                </CWEList>
                <CVEList>
                </CVEList>
                <CVSS>
                  <Descriptor><![CDATA[AV:N/AC:L/Au:N/C:N/I:N/A:N]]></Descriptor>
                  <Score><![CDATA[0.0]]></Score>
                  <AV><![CDATA[Network_Accessible]]></AV>
                  <AC><![CDATA[Low]]></AC>
                  <Au><![CDATA[None]]></Au>
                  <C><![CDATA[None]]></C>
                  <I><![CDATA[None]]></I>
                  <A><![CDATA[None]]></A>
                  <E><![CDATA[]]></E>
                  <RL><![CDATA[]]></RL>
                  <RC><![CDATA[]]></RC>
                </CVSS>
                <CVSS3>
                  <Descriptor><![CDATA[CVSS:3.1/AV:N/AC:L/PR:N/UI:R/S:C/C:N/I:N/A:N]]></Descriptor>
                  <Score><![CDATA[0.0]]></Score>
                  <TempScore><![CDATA[]]></TempScore>
                  <EnvScore><![CDATA[]]></EnvScore>
                  <AV><![CDATA[Network]]></AV>
                  <AC><![CDATA[Low]]></AC>
                  <PR><![CDATA[None]]></PR>
                  <UI><![CDATA[Required]]></UI>
                  <S><![CDATA[Changed]]></S>
                  <C><![CDATA[None]]></C>
                  <I><![CDATA[None]]></I>
                  <A><![CDATA[None]]></A>
                  <E><![CDATA[]]></E>
                  <RL><![CDATA[]]></RL>
                  <RC><![CDATA[]]></RC>
                </CVSS3>
                <References>
                    <Reference>
                      <Database><![CDATA[Content Security Policy (CSP)]]></Database>
                      <URL><![CDATA[https://developer.mozilla.org/en-US/docs/Web/HTTP/CSP]]></URL>
                    </Reference>
                    <Reference>
                      <Database><![CDATA[Implementing Content Security Policy]]></Database>
                      <URL><![CDATA[https://hacks.mozilla.org/2016/02/implementing-content-security-policy/]]></URL>
                    </Reference>
                </References>
            </ReportItem>
<ReportItem id="10" color="green">
                <Name><![CDATA[Email address found]]></Name>
                <ModuleName><![CDATA[/Scripts/PerFile/Text_Search_File.script]]></ModuleName>
                <Details><![CDATA[Pattern found: <pre><span class="bb-blue">lee.hinder@ntlworld.com
</span></pre>]]></Details>
                <Affects><![CDATA[/month.php]]></Affects>
                <Parameter><![CDATA[]]></Parameter>
                <AOP_SourceFile><![CDATA[]]></AOP_SourceFile>
                <AOP_SourceLine></AOP_SourceLine>
                <AOP_Additional><![CDATA[]]></AOP_Additional>
                <IsFalsePositive><![CDATA[]]></IsFalsePositive>
                <Severity><![CDATA[informational]]></Severity>
                <Type><![CDATA[informationdisclosure]]></Type>
                <Impact><![CDATA[Email addresses posted on Web sites may attract spam.]]></Impact>
                <Description><![CDATA[One or more email addresses have been found on this page. The majority of spam comes from email addresses harvested off the internet. The spam-bots (also known as email harvesters and email extractors) are programs that scour the internet looking for email addresses on any website they come across.  Spambot programs look for strings like myname@mydomain.com and then record any addresses found.]]></Description>
                <DetailedInformation><![CDATA[]]></DetailedInformation>
                <Recommendation><![CDATA[Check references for details on how to solve this problem.]]></Recommendation>
                <TechnicalDetails>
                    <Request><![CDATA[GET /month.php HTTP/1.1
Referer: http://eksamindef.mod.gov.my/
Cookie: PHPSESSID=t858pgge5okft8m177ars487n5;BNES_PHPSESSID=shMCy92G2ReT92QiTUJd80A+U9RZmu9428gu64D+hFk/tQqNTvzcd3diJVU3iPMG5mLtaKwNuON31w3cAyqni779S359yJeZAXbxhYVi70M=
Accept: text/html,application/xhtml+xml,application/xml;q=0.9,*/*;q=0.8
Accept-Encoding: gzip,deflate
Host: eksamindef.mod.gov.my
User-Agent: Mozilla/5.0 (Windows NT 10.0; Win64; x64) AppleWebKit/537.36 (KHTML, like Gecko) Chrome/73.0.3683.103 Safari/537.36
Connection: Keep-alive
]]></Request>
                </TechnicalDetails>
                <CWEList>
                    <CWE id="200"><![CDATA[CWE-200]]></CWE>
                </CWEList>
                <CVEList>
                </CVEList>
                <CVSS>
                  <Descriptor><![CDATA[AV:N/AC:L/Au:N/C:N/I:N/A:N]]></Descriptor>
                  <Score><![CDATA[0.0]]></Score>
                  <AV><![CDATA[Network_Accessible]]></AV>
                  <AC><![CDATA[Low]]></AC>
                  <Au><![CDATA[None]]></Au>
                  <C><![CDATA[None]]></C>
                  <I><![CDATA[None]]></I>
                  <A><![CDATA[None]]></A>
                  <E><![CDATA[]]></E>
                  <RL><![CDATA[]]></RL>
                  <RC><![CDATA[]]></RC>
                </CVSS>
                <CVSS3>
                  <Descriptor><![CDATA[CVSS:3.0/AV:N/AC:L/PR:N/UI:N/S:U/C:N/I:N/A:N]]></Descriptor>
                  <Score><![CDATA[0.0]]></Score>
                  <TempScore><![CDATA[]]></TempScore>
                  <EnvScore><![CDATA[]]></EnvScore>
                  <AV><![CDATA[Network]]></AV>
                  <AC><![CDATA[Low]]></AC>
                  <PR><![CDATA[None]]></PR>
                  <UI><![CDATA[None]]></UI>
                  <S><![CDATA[Unchanged]]></S>
                  <C><![CDATA[None]]></C>
                  <I><![CDATA[None]]></I>
                  <A><![CDATA[None]]></A>
                  <E><![CDATA[]]></E>
                  <RL><![CDATA[]]></RL>
                  <RC><![CDATA[]]></RC>
                </CVSS3>
                <References>
                    <Reference>
                      <Database><![CDATA[Anti-spam techniques]]></Database>
                      <URL><![CDATA[https://en.wikipedia.org/wiki/Anti-spam_techniques]]></URL>
                    </Reference>
                </References>
            </ReportItem>
<ReportItem id="11" color="green">
                <Name><![CDATA[Error page web server version disclosure]]></Name>
                <ModuleName><![CDATA[/Scripts/PerServer/Error_Page_Path_Disclosure.script]]></ModuleName>
                <Details><![CDATA[]]></Details>
                <Affects><![CDATA[/]]></Affects>
                <Parameter><![CDATA[]]></Parameter>
                <AOP_SourceFile><![CDATA[]]></AOP_SourceFile>
                <AOP_SourceLine></AOP_SourceLine>
                <AOP_Additional><![CDATA[]]></AOP_Additional>
                <IsFalsePositive><![CDATA[]]></IsFalsePositive>
                <Severity><![CDATA[informational]]></Severity>
                <Type><![CDATA[configuration]]></Type>
                <Impact><![CDATA[Error messages information about an application's internal workings may be used to escalate attacks.]]></Impact>
                <Description><![CDATA[Application errors or warning messages may disclose sensitive information about an application's internal workings to an attacker.<br/><br/>
Acunetix found the web server version number and a list of modules enabled on the target server. Consult the 'Attack details' section for more information about the affected page.]]></Description>
                <DetailedInformation><![CDATA[]]></DetailedInformation>
                <Recommendation><![CDATA[Properly configure the web server not to disclose information about an application's internal workings to the user. Consult the 'Web references' section for more information.]]></Recommendation>
                <TechnicalDetails>
                    <Request><![CDATA[GET /rfGqAkXHgs HTTP/1.1
Accept: text/html,application/xhtml+xml,application/xml;q=0.9,*/*;q=0.8
Accept-Encoding: gzip,deflate
Host: eksamindef.mod.gov.my
User-Agent: Mozilla/5.0 (Windows NT 10.0; Win64; x64) AppleWebKit/537.36 (KHTML, like Gecko) Chrome/73.0.3683.103 Safari/537.36
Connection: Keep-alive
]]></Request>
                </TechnicalDetails>
                <CWEList>
                    <CWE id="200"><![CDATA[CWE-200]]></CWE>
                </CWEList>
                <CVEList>
                </CVEList>
                <CVSS>
                  <Descriptor><![CDATA[AV:N/AC:L/Au:N/C:P/I:N/A:N]]></Descriptor>
                  <Score><![CDATA[5.0]]></Score>
                  <AV><![CDATA[Network_Accessible]]></AV>
                  <AC><![CDATA[Low]]></AC>
                  <Au><![CDATA[None]]></Au>
                  <C><![CDATA[Partial]]></C>
                  <I><![CDATA[None]]></I>
                  <A><![CDATA[None]]></A>
                  <E><![CDATA[]]></E>
                  <RL><![CDATA[]]></RL>
                  <RC><![CDATA[]]></RC>
                </CVSS>
                <CVSS3>
                  <Descriptor><![CDATA[CVSS:3.0/AV:N/AC:L/PR:N/UI:N/S:U/C:N/I:N/A:N]]></Descriptor>
                  <Score><![CDATA[0.0]]></Score>
                  <TempScore><![CDATA[]]></TempScore>
                  <EnvScore><![CDATA[]]></EnvScore>
                  <AV><![CDATA[Network]]></AV>
                  <AC><![CDATA[Low]]></AC>
                  <PR><![CDATA[None]]></PR>
                  <UI><![CDATA[None]]></UI>
                  <S><![CDATA[Unchanged]]></S>
                  <C><![CDATA[None]]></C>
                  <I><![CDATA[None]]></I>
                  <A><![CDATA[None]]></A>
                  <E><![CDATA[]]></E>
                  <RL><![CDATA[]]></RL>
                  <RC><![CDATA[]]></RC>
                </CVSS3>
                <References>
                    <Reference>
                      <Database><![CDATA[Custom Error Responses (Apache HTTP Server)]]></Database>
                      <URL><![CDATA[https://httpd.apache.org/docs/current/custom-error.html]]></URL>
                    </Reference>
                    <Reference>
                      <Database><![CDATA[server_tokens (Nginx)]]></Database>
                      <URL><![CDATA[http://nginx.org/en/docs/http/ngx_http_core_module.html#server_tokens]]></URL>
                    </Reference>
                    <Reference>
                      <Database><![CDATA[Remove Unwanted HTTP Response Headers (Microsoft IIS)]]></Database>
                      <URL><![CDATA[https://blogs.msdn.microsoft.com/varunm/2013/04/23/remove-unwanted-http-response-headers/]]></URL>
                    </Reference>
                </References>
            </ReportItem>
        </ReportItems>
    </Scan>
</ScanGroup>
